id_escola,lat,lon
27000095,-9.265806838,-37.93769404
27000265,-9.266773488,-37.93475336
27000281,-9.26049681,-37.93425339
27000400,-9.265472151,-37.93867093
27000435,-9.252391457,-37.92964477
27000478,-9.259351667,-37.935035
27000613,-9.20750946,-37.88195972
27000710,-9.2637504,-37.9369381
27046427,-9.318146667,-37.872155
27046435,-9.34978692,-37.90736489
27049574,-9.250171667,-37.94147333
27054799,-9.267018903,-37.93453272
27217183,-9.26622,-37.93468167
27041212,-9.682020214,-36.30380396
27041352,-9.683902119,-36.30450116
27041360,-9.6839541,-36.3045554
27041387,-9.6839523,-36.3045575
27041409,-9.6839466,-36.3045495
27041417,-9.683960918,-36.30444844
27041450,-9.6839313,-36.3045341
27041468,-9.6839359,-36.3045375
27041476,-9.6839549,-36.3045586
27041492,-9.683864275,-36.3045419
27041514,-9.6839599,-36.3045632
27041522,-9.6838316,-36.3044555
27041549,-9.6839051,-36.3045493
27048691,-9.6838422,-36.3044609
27216217,-9.683885816,-36.30455229
27216268,-9.6838725,-36.304501
27219720,-9.6839271,-36.3044808
27230260,-9.683893025,-36.30451298
27230279,-9.6839171,-36.3045201
27016285,-9.735774,-36.66069
27016323,-9.754109,-36.65984
27016331,-9.74241458,-36.66353656
27016358,-9.749144088,-36.67256252
27016366,-9.753411273,-36.66194022
27016374,-9.739954,-36.66843
27016382,-9.7412391,-36.6766924
27016390,-9.744525,-36.6635
27016404,-9.734405894,-36.674112
27016412,-9.7278677,-36.67755381
27016420,-9.75827137,-36.66255437
27016447,-9.761532,-36.63469
27016455,-9.75240695,-36.66535663
27016463,-9.746263,-36.65655
27016471,-9.7487948,-36.6543406
27016480,-9.760250151,-36.64600806
27016510,-9.7477033,-36.6691213
27016528,-9.773869654,-36.65075993
27016536,-9.755671,-36.66986
27016579,-9.7477353,-36.669087
27016587,-9.73274,-36.67265
27016595,-9.713246005,-36.70867716
27016641,-9.77155384,-36.64141248
27016650,-9.749668,-36.64482
27016668,-9.71423,-36.7186
27016676,-9.688238333,-36.65026
27016684,-9.764324,-36.70459
27016706,-9.798945165,-36.62203414
27016730,-9.81471645,-36.66410117
27016757,-9.754326,-36.65683
27016773,-9.764166,-36.58639
27016781,-9.69642241,-36.67841959
27016790,-9.771784,-36.65081
27016803,-9.831305,-36.6234
27016811,-9.79321546,-36.58402789
27016820,-9.75202062,-36.64423436
27016838,-9.72662306,-36.66129996
27016846,-9.765263503,-36.65168308
27016854,-9.769125,-36.67228
27016862,-9.765788,-36.65125
27016870,-9.74683951,-36.66099776
27016951,-9.73707754,-36.66415111
27016986,-9.680735,-36.67644667
27017117,-9.727535,-36.67784
27017150,-9.758716667,-36.66916
27017176,-9.73511,-36.73156
27017184,-9.76012634,-36.6380148
27017192,-9.79530659,-36.58966591
27017214,-9.7772583,-36.61250918
27017222,-9.768193955,-36.66166365
27017249,-9.83384513,-36.55934697
27017257,-9.743898,-36.70319
27017273,-9.67370027,-36.63963175
27017311,-9.755653333,-36.652615
27017320,-9.748655,-36.671225
27017338,-9.740731884,-36.65591229
27017346,-9.642838128,-36.68027462
27017362,-9.645489,-36.68108
27017389,-9.797663052,-36.63229148
27017400,-9.76541,-36.65155
27047636,-9.745513,-36.63129
27048560,-9.7803391,-36.67664352
27048624,-9.72355157,-36.66209806
27048640,-9.743699371,-36.69070071
27048926,-9.781730213,-36.67589942
27051145,-9.72398395,-36.66489179
27051528,-9.718826953,-36.67608845
27051773,-9.759344133,-36.63114608
27052869,-9.826751667,-36.61817
27053679,-9.7591492,-36.63175447
27054055,-9.73129258,-36.63920966
27218600,-9.85327134,-36.59226715
27219682,-9.757597,-36.64394
27222977,-9.736611,-36.65862
27223043,-9.744323404,-36.6489828
27223574,-9.741945,-36.66223
27223590,-9.737825,-36.67803667
27223604,-9.756643,-36.66989
27223647,-9.7358,-36.731775
27223655,-9.793101667,-36.58423
27223671,-9.831641667,-36.62348333
27223710,-9.745475,-36.64758167
27224554,-9.723548228,-36.64645448
27225666,-9.736799,-36.65831
27226158,-9.747565775,-36.66971267
27239209,-9.768761,-36.65737
27239403,-9.74279361,-36.69087398
27025667,-9.511910873,-35.99865734
27025675,-9.537529279,-36.17687219
27025683,-9.5109966,-36.0004496
27025691,-9.5055441,-36.0236577
27025730,-9.460187405,-36.02487803
27026060,-9.506607768,-36.02815309
27026108,-9.5103968,-36.0054039
27026124,-9.491118682,-36.02585854
27026132,-9.5089195,-36.0192296
27026140,-9.546134854,-35.98298854
27026191,-9.51081519,-36.00529899
27026221,-9.4956964,-36.2032896
27026230,-9.485482103,-36.00277101
27026280,-9.4880549,-36.1519313
27026337,-9.503517,-36.02286
27026353,-9.495853703,-36.08284282
27047938,-9.5301591,-36.0652777
27047946,-9.515703935,-36.00313587
27047954,-9.5314308,-36.1725635
27220125,-9.5086285,-35.9922774
27221997,-9.5888844,-36.081837
27222004,-9.501632815,-36.09055376
27222020,-9.5406131,-36.198366
27222985,-9.545278139,-36.06851857
27224163,-9.4974714,-36.0949212
27227103,-9.506127611,-36.02638425
27268004,-9.456383153,-36.02419834
27341011,-9.503940018,-36.02268767
27033970,-9.433223333,-35.52014333
27033988,-9.40625,-35.50653333
27033996,-9.41338,-35.50807667
27034003,-9.4039557,-35.49976253
27034038,-9.404435,-35.510415
27034054,-9.403358333,-35.49980833
27052168,-9.405251667,-35.50095333
27221393,-9.405276667,-35.50094833
27226492,-9.409161667,-35.51223167
27230058,-9.434815,-35.52042833
27034070,-9.8446087,-35.9033301
27034100,-9.828861667,-35.88474833
27034127,-9.836845,-35.89026
27034135,-9.84266804,-35.89906695
27034143,-9.843931,-35.9056265
27034151,-9.837791667,-35.89536167
27034160,-9.83159,-35.88600167
27049230,-9.8339437,-35.9499085
27051595,-9.8458617,-35.903995
27052842,-9.821755,-35.92684667
27053555,-9.840663333,-35.89625333
27054098,-9.831628333,-35.88585
27009270,-9.67090082,-37.12939103
27009297,-9.67134649,-37.12897989
27009319,-9.78861,-37.10222
27009378,-9.729166,-37.13361
27009408,-9.67366881,-37.11938908
27009416,-9.67492686,-37.12481371
27009459,-9.6730402,-37.1254223
27050556,-9.669296667,-37.12711167
27219011,-9.67622755,-37.12953545
27221270,-9.68185122,-37.12569761
27226131,-9.6662582,-37.1286852
27011666,-9.573558681,-36.49504194
27011690,-9.5714991,-36.493518
27011704,-9.5426756,-36.49342561
27011720,-9.51578714,-36.50632332
27011739,-9.57697205,-36.50238322
27011747,-9.608750981,-36.44593849
27011755,-9.559444,-36.50278
27011763,-9.604899245,-36.46517412
27011771,-9.603118594,-36.45639366
27011801,-9.572717599,-36.46035494
27011828,-9.590246296,-36.45736336
27011836,-9.52983152,-36.52495133
27011844,-9.5730359,-36.4944145
27009572,-9.84595627,-37.10458547
27009653,-9.8125,-37.29805
27223892,-9.8125,-37.29805
27041603,-9.64774462,-36.20753658
27041689,-9.6478912,-36.2069567
27041719,-9.6498517,-36.211271
27041727,-9.6458825,-36.2129495
27041735,-9.6635902,-36.141424
27041816,-9.6592543,-36.1216558
27041824,-9.642220885,-36.21868171
27051471,-9.6406603,-36.2091465
27226824,-9.642039626,-36.21872429
27322025,-9.6645428,-36.1426485
27355020,-9.641902205,-36.21883241
27026370,-9.246113,-36.01711
27026477,-9.220554,-36.0575
27011852,-9.3991868,-36.99053858
27011860,-9.39931461,-36.92440771
27011984,-9.40038101,-36.92301069
27012026,-9.40271639,-36.99118424
27012034,-9.44260154,-37.00374865
27012085,-9.5209567,-36.91552321
27012115,-9.4010596,-36.9880748
27012131,-9.39988271,-36.94721265
27050530,-9.39797652,-36.98244511
27053466,-9.40687975,-36.9965694
27222055,-9.39818599,-36.99178247
27224252,-9.40055737,-36.98399769
27224279,-9.394772,-36.98502
27026736,-9.38052,-36.161225
27026744,-9.397291,-36.1531
27026752,-9.397595,-36.153195
27026779,-9.340708333,-36.13532
27026795,-9.397555,-36.15284
27026809,-9.392023333,-36.15466667
27026817,-9.415445,-36.19493
27026841,-9.389313333,-36.14916
27026906,-9.397755,-36.15327
27026973,-9.399485,-36.14438
27027007,-9.397653333,-36.14438
27027015,-9.397536667,-36.14663833
27027023,-9.392281667,-36.15447667
27053024,-9.398566667,-36.14277667
27216713,-9.402901667,-36.13980167
27218015,-9.396281667,-36.15472167
27219933,-9.381901667,-36.16245833
27219950,-9.389165,-36.15299
27219968,-9.400401667,-36.144175
27221938,-9.393328333,-36.1522
27225658,-9.39604,-36.156845
27029301,-9.7504707,-36.65680668393855
27029425,-8.852616,-35.56991
27221865,-8.849456,-35.56907
27230198,-8.848547,-35.56882
27041921,-9.783311,-36.3509906
27041972,-9.77170023,-36.34768265
27041980,-9.804842379,-36.26779597
27042022,-9.78456383,-36.35359405
27042057,-9.77994109,-36.3599754
27042073,-9.78828269,-36.33252484
27042154,-9.89835929,-36.22355865
27048500,-9.80342471,-36.27637718
27048748,-9.89311424,-36.2209712
27049434,-9.89875812,-36.22606016
27049442,-9.78322216,-36.35587307
27050009,-9.89058654,-36.22071181
27050025,-9.80513617,-36.26985668
27050742,-9.77843216,-36.35804284
27051366,-9.77863937,-36.36221927
27051676,-9.8982728,-36.2236324
27053563,-9.90281364,-36.219852
27217850,-9.78378518,-36.34888974
27217868,-9.89835978,-36.22487234
27221962,-9.783787793,-36.34280412
27221970,-9.78328138,-36.34831007
27221989,-9.90101862,-36.21799947
27227162,-9.8050098,-36.2700487
27366014,-9.89916726,-36.22327702
27017451,-10.0055481,-36.7918936
27017460,-9.9484357,-36.7629656
27017478,-10.0277335,-36.7457245
27017486,-9.9578218,-36.7907906
27017494,-9.96889,-36.7100264
27017508,-10.0348321,-36.7142701
27017516,-9.9872972,-36.814687
27017524,-9.9634558,-36.7330567
27017540,-10.0086038,-36.734123
27017559,-10.0069475,-36.7631039
27017567,-9.975082,-36.7734369
27017575,-9.9468321,-36.7015881
27017583,-9.9578285,-36.7909183
27017605,-9.9232271,-36.7333667
27017630,-9.9603819,-36.7901239
27017648,-9.9486305,-36.7101735
27017656,-9.9917327,-36.7134925
27017664,-10.0114048,-36.7467419
27017680,-10.044497,-36.7111851
27218392,-9.9578281,-36.7909791
27218406,-10.0159534,-36.7558008
27255000,-9.9591715,-36.7861677
27000770,-8.98755303,-37.48639525
27001164,-9.160555,-37.42389
27001180,-9.065833,-37.5575
27001199,-9.032221,-37.52722
27001237,-9.11766616,-37.60292658
27001261,-9.041388,-37.4425
27001296,-9.1163823,-37.6100896
27217213,-9.162222,-37.42528
27217787,-9.145833,-37.55555
27027058,-9.39057997,-36.08665398
27027082,-9.40970002,-36.07841418
27027104,-9.30802225,-36.06190133
27027112,-9.30721173,-36.09798527
27027120,-9.41505233,-36.07660892
27027147,-9.32307833,-36.07952532
27027155,-9.27350864,-36.13807635
27027180,-9.45317254,-36.11497851
27027198,-9.36357468,-36.01385864
27027236,-9.26723687,-36.09582621
27027279,-9.396916667,-36.02993833
27027341,-9.40191573,-36.09661608
27027368,-9.41205911,-36.07225606
27027392,-9.42115221,-36.07472568
27027414,-9.346741667,-36.05762167
27027422,-9.41068312,-36.08264812
27027430,-9.41087128,-36.07782573
27027457,-9.41388009,-36.07539223
27221571,-9.41158255,-36.08628082
27223400,-9.41114556,-36.08048511
27230643,-9.4048621,-36.08517147
27239608,-9.40942514,-36.08643688
27221601,-9.27285618,-36.14416575
27004392,-9.48170582,-37.38506085
27004414,-9.50830844,-37.3901103
27004422,-9.455547603,-37.34728117
27004449,-9.467339641,-37.33772504
27004481,-9.48278715,-37.3783748
27004511,-9.485811135,-37.37524076
27004562,-9.464014902,-37.43913041
27050416,-9.48425855,-37.36886352
27054403,-9.48394169,-37.37824678
27022277,-9.25491926,-36.30213542
27022331,-9.260621667,-36.29679833
27022340,-9.235026,-36.29309
27022366,-9.19127146,-36.2984192
27022382,-9.199161,-36.2789
27022404,-9.206745,-36.34173
27022447,-9.206681,-36.34184
27022480,-9.25298722,-36.29989472
27048756,-9.259435,-36.29576
27054900,-9.26226704,-36.29745403
27216543,-9.280016667,-36.29576833
27219755,-9.251698333,-36.29961333
27240002,-9.257236174,-36.29890247
27017702,-9.6328799,-36.5807823
27017745,-9.5939213,-36.5606291
27017753,-9.61744452,-36.60999959
27017761,-9.58096024,-36.56790664
27017770,-9.5998477,-36.6050629
27017788,-9.6416606,-36.5428505
27017796,-9.6553377,-36.56417016
27017800,-9.6848906,-36.5880251
27017818,-9.59185893,-36.59035564
27017826,-9.68203923,-36.57004512
27017834,-9.6420445,-36.5762565
27017842,-9.5833794,-36.6211786
27017850,-9.6080462,-36.5919873
27017869,-9.6153606,-36.59770559
27017877,-9.6635772,-36.5713717
27017885,-9.6506211,-36.5527808
27017893,-9.6781271,-36.5571128
27017907,-9.6064198,-36.5716586
27017915,-9.6352377,-36.5694893
27017923,-9.6612603,-36.5394387
27017931,-9.6693645,-36.5909678
27017940,-9.5763728,-36.5914273
27017958,-9.64023539,-36.5715638
27048667,-9.6332513,-36.5809229
27220311,-9.6337145,-36.5779663
27220320,-9.6339266,-36.5793597
27227146,-9.6345154,-36.5813557
27027589,-8.912715018,-35.71675477
27027597,-8.9106182,-35.7244269
27027600,-8.910137222,-35.71983347
27027619,-8.913051182,-35.72146346
27027686,-8.901944,-35.69028
27027732,-8.934939984,-35.78461846
27027740,-8.982998013,-35.76847088
27027759,-8.939420826,-35.75396425
27027830,-8.969411525,-35.81255243
27027864,-8.9132968,-35.7245819
27027880,-8.900201901,-35.6694597
27027902,-8.979449857,-35.78604218
27027937,-8.914873359,-35.75993447
27055060,-8.911543505,-35.71335722
27220176,-8.911232484,-35.71560465
27222560,-8.910715561,-35.7247926
27034178,-9.63373702,-35.79570918
27034186,-9.63640386,-35.79224879
27034208,-9.63905799,-35.80263715
27034224,-9.63698471,-35.79763716
27034232,-9.66736617,-35.78946348
27034240,-9.636695,-35.792
27034259,-9.63611344,-35.792625
27054080,-9.63099845,-35.7948625
27230309,-9.63968751,-35.80706271
27042251,-10.1169196,-36.1823102
27042340,-10.21462953,-36.22053576
27042383,-10.2028325,-36.3304313
27042391,-10.0864331,-36.3891427
27042413,-10.1693211,-36.3135062
27042421,-10.1897021,-36.3095631
27042650,-10.16058025,-36.15974624
27042685,-10.200703,-36.191731
27042693,-10.1574828,-36.1354913
27042707,-10.05392021,-36.05523278
27042740,-10.11908354,-36.18081656
27042790,-10.13284375,-36.16157786
27042804,-10.12871803,-36.17304337
27042863,-10.1413667,-36.19290147
27042898,-10.1223746,-36.1708365
27048268,-10.13019098,-36.17003331
27050246,-10.16939434,-36.31439177
27050572,-10.12609575,-36.15650743
27050688,-10.1199355,-36.1107923
27050696,-10.12374732,-36.17928983
27217698,-10.14692255,-36.33011008
27217817,-10.1298346,-36.1667987
27226239,-10.12914144,-36.1703198
27226328,-10.15039167,-36.32838333
27230651,-10.12896829,-36.1716956
27017982,-9.681633,-36.74285
27017990,-9.609183,-36.79519
27018016,-9.61217,-36.762775
27018032,-9.656574,-36.73103
27018059,-9.605896,-36.74059
27018083,-9.588484168,-36.79164279
27018091,-9.61896651,-36.72977362
27018105,-9.615202742,-36.70642801
27018121,-9.656828153,-36.82210045
27018156,-9.61968358,-36.76852282
27018172,-9.704285148,-36.79597615
27018199,-9.688774226,-36.81454374
27018202,-9.623905,-36.898475
27018210,-9.642708041,-36.75611266
27018229,-9.70913,-36.77099
27018237,-9.653889,-36.75795
27018245,-9.698338942,-36.78090532
27018270,-9.599303,-36.72126
27018288,-9.673069,-36.83305
27018296,-9.669334413,-36.71542598
27018318,-9.602122824,-36.76999896
27018326,-9.628451094,-36.72105141
27018334,-9.653932876,-36.71314032
27018342,-9.62550621,-36.75998514
27053873,-9.623623158,-36.77314974
27224333,-9.61983666,-36.76835077
27226042,-9.61615157,-36.76208004
27354016,-9.61872806,-36.76887519
27003183,-9.374104044,-38.00122225
27003213,-9.38365,-38.00905
27003221,-9.385627,-38.00026
27003299,-9.268756178,-38.12501139
27003302,-9.386321465,-37.99985952
27003329,-9.443277922,-38.03845441
27003388,-9.382019956,-38.00053443
27003418,-9.313908694,-38.08909276
27003426,-9.37744021,-38.06438928
27003434,-9.42606275,-38.09080174
27003442,-9.36869185,-38.19022276
27003469,-9.38308572,-37.99911924
27003485,-9.40860597,-38.18997198
27003493,-9.368565534,-37.99176771
27003515,-9.38888201,-37.99874864
27003523,-9.350289549,-38.19927723
27003540,-9.3904866,-37.9977766
27003558,-9.385764613,-37.98706655
27003574,-9.44639842,-38.01885157
27003582,-9.415275198,-38.03381712
27003590,-9.3757373,-38.01237479
27003604,-9.301267066,-38.19292341
27003612,-9.6226121,-37.7897884
27003647,-9.378500646,-37.99959222
27003655,-9.38734101,-38.00078916
27053881,-9.38622932,-37.98997304
27053890,-9.37180819,-38.19097379
27054438,-9.371243971,-38.19193753
27054691,-9.38955518,-37.98901727
27214907,-9.373581223,-38.00473946
27217140,-9.368809322,-38.19242779
27217167,-9.441071847,-38.01665509
27218287,-9.389805989,-37.99027221
27218309,-9.37444151,-38.0137125
27220150,-9.371648398,-38.00849237
27225364,-9.462618409,-37.91630602
27004619,-9.388287147,-37.0918637
27004694,-9.365183,-37.04959
27004716,-9.4689578,-37.4596855
27004740,-9.3866552,-37.0945127
27004759,-9.386231108,-37.08951199
27004775,-9.388369918,-37.09087556
27004791,-9.386436091,-37.09575323
27004856,-9.360382492,-37.01111589
27004864,-9.425898,-37.06075
27004899,-9.384081569,-37.06922418
27004910,-9.388129567,-37.05456734
27004929,-9.388380186,-37.09116868
27051870,-9.388361368,-37.09111285
27218880,-9.386764113,-37.08410441
27223965,-9.385669143,-37.09342659
27223973,-9.359700331,-37.01307256
27012158,-9.38798465,-36.75752326
27012166,-9.3897625,-36.7576625
27012190,-9.440833,-36.77445
27012239,-9.35288788,-36.7790392
27012247,-9.40477438,-36.76322501
27012271,-9.34642219,-36.73640486
27012352,-9.47591422,-36.74453144
27012360,-9.44171557,-36.73732236
27012417,-9.37523782,-36.72788634
27012433,-9.4364844,-36.72407669
27012468,-9.46522592,-36.74514283
27012476,-9.41096972,-36.79972572
27012484,-9.38988391,-36.75734812
27012530,-9.36300321,-36.7209072
27012565,-9.37862829,-36.71265543
27018350,-9.900038333,-36.67718333
27018369,-9.89941305,-36.67845826
27018407,-9.864755,-36.67050667
27018431,-9.89879139,-36.70622151
27018440,-9.853575,-36.682085
27018458,-9.853531667,-36.68207167
27018504,-9.864978333,-36.67078333
27018512,-9.853566667,-36.68203333
27018520,-9.93322868,-36.66883053
27018539,-9.90975,-36.647635
27018547,-9.94512671,-36.62700431
27018580,-9.905196667,-36.65995333
27018601,-9.899908,-36.6786
27018610,-9.85349,-36.68204167
27018636,-9.853481667,-36.682075
27018652,-9.8935442,-36.70413164
27018660,-9.864968333,-36.670765
27018679,-9.88337925,-36.72262779
27018687,-9.911223,-36.61477
27018709,-9.853498333,-36.68210167
27018733,-9.864726667,-36.67046667
27214648,-9.853536667,-36.682065
27224180,-9.864788333,-36.67051
27225275,-9.899443,-36.67892
27044726,-10.2917675,-36.3062305
27044750,-10.28915812,-36.30312481
27044769,-10.2542204,-36.381982
27222586,-10.2949618,-36.3094825
27230716,-10.2937035,-36.3053868
27028178,-9.28789941,-35.69570424
27028186,-9.27751323,-35.72291314
27028232,-9.16218382,-35.76548263
27028305,-9.27643923,-35.72501377
27028313,-9.32173575,-35.75851889
27028364,-9.22041199,-35.79520479
27048829,-9.16668515,-35.86568058
27051897,-9.2775463,-35.72271197
27214257,-9.27691508,-35.72318709
27214354,-9.27771981,-35.72648388
27219194,-9.18246093,-35.7207686
27221075,-9.27628066,-35.72281055
27224430,-9.27726408,-35.72637191
27018768,-9.79416669,-36.79133029
27018792,-9.72135069,-36.83728988
27018814,-9.881057222,-36.83425086
27018822,-9.817956,-36.82526
27018849,-9.743666,-36.7929
27018857,-9.74115,-36.85383
27018873,-9.9347434,-36.81203537
27018881,-9.73280205,-36.78364233
27018890,-9.7602813,-36.8156434
27018920,-9.8116,-36.80984
27018938,-9.75984823,-36.74840431
27018946,-9.9486169,-36.82426295
27018954,-9.755209736,-36.78600135
27018962,-9.88351014,-36.83035655
27018970,-9.712777,-36.7975
27018989,-9.757632,-36.87486
27018997,-9.792838,-36.79486
27019004,-9.80939769,-36.90696449
27019063,-9.82608,-36.79184
27019071,-9.807521026,-36.80057857
27019080,-9.81914725,-36.92080008
27019110,-9.77590599,-36.81109346
27019160,-9.885198333,-36.82891167
27019179,-9.704734743,-36.8900372
27019187,-9.77161267,-36.81957654
27019195,-9.90097,-36.76143
27019209,-9.795544,-36.77195
27019217,-9.861284,-36.78611
27019225,-9.890116,-36.90776
27019233,-9.772499,-36.89639
27019250,-9.751188,-36.82142
27019268,-9.723558,-36.80416
27019284,-9.706069,-36.82353
27019292,-9.832922,-36.78411
27019322,-9.77489,-36.79237
27019365,-9.75387,-36.80045
27019373,-9.73041703,-36.80699071
27019381,-9.8390589,-36.817112
27019403,-9.907498,-36.78345
27019411,-9.852413,-36.78113
27019420,-9.733029,-36.82127
27019438,-9.881708957,-36.82626139
27019446,-9.79541769,-36.79392324
27019454,-9.811066,-36.79134
27019462,-9.808592,-36.83099
27019470,-9.871079,-36.80362
27048357,-9.695753334,-36.81833697
27051994,-9.878831785,-36.83697556
27216560,-9.810725,-36.78241
27216799,-9.897204,-36.7816
27216888,-9.75127574,-36.83407179
27218260,-9.734676,-36.83397
27220087,-9.88727,-36.821485
27221520,-9.755721,-36.76066
27221547,-9.84402733,-36.90324589
27221555,-9.82708304,-36.80583071
27223000,-9.695742438,-36.81831971
27223868,-9.8900471,-36.8322006
27223981,-9.68656354,-36.85568917
27224007,-9.88379041,-36.82367834
27225470,-9.69171546,-36.84050787
27225488,-9.82368,-36.77966
27225500,-9.704699656,-36.89003178
27259005,-9.8805995,-36.8222342
27323013,-9.830294,-36.82678135
27323021,-9.72287076,-36.84300593
27022579,-8.94810532,-35.95288898
27022676,-8.95407353,-35.89989071
27022820,-8.945262702,-35.84253031
27022846,-8.972263333,-35.927165
27022854,-8.971665603,-35.92682143
27022862,-8.973374,-35.92944
27047555,-8.96999277,-35.92578181
27215563,-8.970088333,-35.92604833
27226751,-8.97172435,-35.92516754
27012611,-9.532064488,-36.67363601
27012620,-9.548100474,-36.63253638
27012638,-9.536918,-36.63264
27012697,-9.499963653,-36.71745672
27012719,-9.587147363,-36.69561013
27012735,-9.580391903,-36.67298813
27012859,-9.54569,-36.57382
27013030,-9.508472117,-36.80523669
27013049,-9.637834093,-36.63217376
27013057,-9.495591521,-36.76272504
27013065,-9.594137162,-36.62908267
27013073,-9.540358464,-36.64225357
27013081,-9.496183899,-36.68467499
27013111,-9.553108969,-36.75093131
27013138,-9.614287897,-36.6747564
27013146,-9.572958203,-36.69837294
27051919,-9.535474316,-36.66710936
27053040,-9.485488893,-36.69672097
27218341,-9.53887855,-36.6324497
27220788,-9.516161354,-36.56451851
27317048,-9.534164387,-36.63019338
27044866,-10.12992333,-36.652945
27044874,-10.1825608,-36.5923606
27044904,-10.2636868,-36.6721969
27044912,-10.18585683,-36.64398291
27044920,-10.1258865,-36.66062258
27044947,-10.16235,-36.5550443
27044955,-10.13183723,-36.62315866
27044971,-10.06801318,-36.5396019
27044980,-10.2098132,-36.6270775
27045005,-10.0407474,-36.59532462
27045013,-10.12629381,-36.65486799
27045048,-10.1932771,-36.6184322
27045056,-10.14093874,-36.7197463
27045102,-10.05993328,-36.52278705
27045129,-10.1288881,-36.6565519
27053423,-10.12679286,-36.65989475
27214176,-10.15544251,-36.7343633
27214460,-10.1275581,-36.6640432
27214567,-10.15908889,-36.65591589
27215202,-10.1474292,-36.5324934
27215300,-10.1839348,-36.6654708
27215377,-10.1451808,-36.541295
27215490,-10.2362727,-36.7009422
27215539,-10.08782708,-36.66759071
27230686,-10.13082151,-36.64885724
27001393,-9.225564734,-37.74712862
27001407,-9.219929,-37.74817
27001415,-9.252977623,-37.77132911
27001482,-9.317780128,-37.7107655
27001539,-9.223880307,-37.67397355
27001555,-9.326099502,-37.64586953
27001580,-9.2312625,-37.79923724
27001652,-9.322197433,-37.62721125
27001717,-9.237883114,-37.73007011
27001725,-9.295127322,-37.67478677
27001750,-9.222025,-37.74924333
27001776,-9.253605762,-37.79549304
27001784,-9.204518404,-37.80763691
27001806,-9.300881373,-37.72667795
27001814,-9.19848075,-37.79574302
27001830,-9.203382279,-37.71570613
27001849,-9.342195271,-37.68256676
27001865,-9.183734658,-37.68955875
27001873,-9.29504612,-37.591083
27001903,-9.19407597,-37.6939448
27001946,-9.258767716,-37.64874344
27001962,-9.284921349,-37.69533517
27001970,-9.23756884,-37.77439098
27052460,-9.269148493,-37.73628772
27054241,-9.215855104,-37.75351716
27054594,-9.213503133,-37.7457462
27054667,-9.179944302,-37.68620049
27219402,-9.269264792,-37.73634162
27220184,-9.220390208,-37.75112101
27230562,-9.216073312,-37.75711233
27009750,-9.58975,-37.20204667
27009777,-9.69138,-37.21185
27009807,-9.68383,-37.254255
27009815,-9.69854,-37.24923667
27009831,-9.710426667,-37.219545
27009858,-9.6408055,-37.2055314
27009866,-9.58974,-37.202035
27009874,-9.70696,-37.239725
27009882,-9.6314687,-35.73944
27009904,-9.6344113,-37.2070395
27052630,-9.633161667,-37.20582
27221032,-9.633086667,-37.20528333
27028380,-8.84462401,-35.46531386
27028623,-8.901666,-35.415
27028631,-8.871845,-35.50074
27032280,-9.089908,-35.25809
27032329,-9.058362,-35.31425
27032361,-9.122576,-35.27516
27032396,-9.12261,-35.27518
27032400,-9.136179,-35.28703
27032426,-9.072694,-35.26447
27218430,-9.080619,-35.29632
27225321,-9.113337,-35.27117
27225330,-9.04244,-35.28493
27226085,-9.087517,-35.25699
27009920,-9.660068,-37.00201
27009947,-9.677778,-36.98333
27009963,-9.644026,-36.9769
27009998,-9.6595659,-37.0013588
27010023,-9.659167,-37.00222
27010031,-9.713889,-36.98667
27221172,-9.643577,-36.97644
27042588,-9.949995822,-36.09142993
27042723,-10.01077032,-36.02616196
27042758,-9.973286907,-36.03567425
27042774,-9.955034642,-36.07774369
27042901,-9.962851899,-36.06199217
27043649,-9.887252591,-36.15333301
27043835,-10.01079454,-36.02484751
27044076,-10.01100304,-36.02308908
27044106,-9.943652898,-36.09404339
27044130,-10.00584381,-36.01691631
27044149,-9.967716923,-35.97680806
27028682,-9.134238333,-35.74992333
27028712,-9.057891667,-35.78740333
27028739,-9.109491667,-35.758
27028763,-9.147636667,-35.85315333
27028780,-9.0296956,-35.7217262
27028798,-9.1192,-35.83464333
27028810,-9.027181667,-35.80203667
27028828,-9.097618333,-35.73833
27028836,-9.091635,-35.80465667
27028852,-9.1330656,-35.7480857
27028860,-9.130435,-35.75634
27028917,-9.02503,-35.74938667
27028925,-9.082103333,-35.76214
27028941,-9.062671667,-35.84375667
27028976,-9.1102351,-35.6991117
27028992,-9.057365,-35.7168095
27029018,-9.1365341,-35.7537583
27029050,-9.124226667,-35.7794
27029069,-9.13433,-35.749975
27029085,-9.110489,-35.80195
27029093,-9.16091,-35.816795
27029107,-9.048123,-35.710334
27029123,-9.136488,-35.7533286
27049493,-9.1410295,-35.7624391
27049507,-9.1411324,-35.7626163
27215610,-9.1102355,-35.6991109
27216721,-9.0552826,-35.715241
27216837,-9.135166667,-35.757235
27216870,-9.1334563,-35.7474342
27224341,-9.10641941,-35.85172025
27252000,-9.1360559,-35.7534901
27029310,-9.4957943,-37.1167088
27029336,-8.931938,-35.56828
27042952,-9.90385588,-36.46392282
27042979,-9.927810347,-36.47393857
27043029,-9.898506,-36.42963968
27043045,-9.811633104,-36.50867527
27043061,-9.81358034,-36.44747739
27043118,-9.816712537,-36.4930908
27043134,-9.841722921,-36.3856022
27043177,-9.826651667,-36.53185333
27043207,-9.89266,-36.46692667
27043223,-9.840731551,-36.5372527
27043231,-9.84101729,-36.40457631
27043240,-9.899348882,-36.48497033
27043258,-9.814285232,-36.42220899
27043290,-9.93259802,-36.47092812
27043304,-9.850788033,-36.5162899
27043312,-9.802145653,-36.49501816
27043339,-9.80767507,-36.42720245
27043347,-9.821492731,-36.39844846
27043355,-9.845399181,-36.43128659
27043371,-9.800484586,-36.41310733
27043428,-9.921592339,-36.47435553
27043436,-9.9281878,-36.4752847
27051790,-9.843659056,-36.43226576
27054489,-9.88015756,-36.46376425
27215148,-9.91386,-36.475625
27215261,-9.845083561,-36.43066289
27215393,-9.832728326,-36.43632924
27215440,-9.899212928,-36.48518792
27217060,-9.892556667,-36.46648167
27217078,-9.922503301,-36.4725374
27365018,-9.92798568,-36.47453883
27019500,-9.812014,-36.70697
27019527,-9.798556,-36.74453
27019535,-9.802838,-36.76345
27019543,-9.778423,-36.74894
27019551,-9.83499295,-36.7277501
27019560,-9.773905,-36.72743
27019578,-9.807511,-36.72788
27019586,-9.847468,-36.76412
27019594,-9.82633719,-36.73403721
27019608,-9.825468333,-36.73032
27019616,-9.790111,-36.71002
27019624,-9.76410777,-36.72076147
27019640,-9.72845106,-36.76977143
27019659,-9.823676,-36.74552
27019667,-9.82525423,-36.73363105
27019683,-9.744292,-36.75298
27019691,-9.766583,-36.73936
27019705,-9.857347,-36.74348
27019713,-9.85903,-36.73159
27019721,-9.820633,-36.75635
27216764,-9.828419,-36.73491
27220427,-9.82553637,-36.73377861
27230252,-9.79491873,-36.72426584
27247007,-9.82518622,-36.73297064
27019756,-9.76556074,-36.55272699
27019845,-9.75623127,-36.55969745
27019853,-9.716223618,-36.46371986
27019896,-9.76589305,-36.53873267
27019926,-9.697596766,-36.37903799
27019993,-9.688644349,-36.48654755
27020045,-9.765386,-36.4585774
27020061,-9.76022734,-36.52700545
27020100,-9.79790273,-36.48422093
27020118,-9.76518202,-36.55454667
27020126,-9.76819432,-36.47369979
27020134,-9.761143452,-36.46911697
27020142,-9.77728742,-36.41432042
27020150,-9.686944,-36.44083
27020177,-9.71153981,-36.50726693
27020185,-9.67650976,-36.54368332
27020193,-9.73593331,-36.5008394
27020215,-9.79713941,-36.52310652
27020274,-9.742776442,-36.50452574
27052354,-9.74312581,-36.46914486
27053814,-9.80115099,-36.52732565
27053903,-9.759747,-36.52518
27222845,-9.735399024,-36.50206287
27225828,-9.741315,-36.50435
27226433,-9.76470033,-36.55370782
27034674,-9.64233772,-35.7397512
27034755,-9.63685331,-35.72115485
27034887,-9.6411566,-35.7418257
27034917,-9.624382263,-35.7523477
27035336,-9.675351,-35.75814
27035441,-9.63651726,-35.69997005
27035573,-9.5765338,-35.766863
27035581,-9.61350643,-35.74602145
27035590,-9.54531492,-35.72748932
27035646,-9.5404155,-35.7857201
27035662,-9.576053333,-35.65618167
27035700,-9.5880461,-35.7545247
27035786,-9.5583703,-35.7851826
27035824,-9.616116817,-35.74965648
27035832,-9.638958,-35.7381758
27035840,-9.659829,-35.75153
27035875,-9.549802,-35.71857
27035883,-9.572074,-35.7824172
27035930,-9.6628677,-35.7611253
27035980,-9.633183,-35.72247
27036014,-9.609087766,-35.74665215
27036022,-9.567098437,-35.75121532
27036049,-9.6666856,-35.7230732
27036057,-9.667479,-35.7385877
27036065,-9.6600117,-35.7033663
27036081,-9.6369826,-35.7179546
27036090,-9.6407122,-35.7203615
27036103,-9.58490834,-35.77461609
27036120,-9.5801702,-35.771579
27036138,-9.615814579,-35.71930183
27036146,-9.55293,-35.76316
27036154,-9.6543276,-35.7244038
27036189,-9.5621708,-35.7542161
27036197,-9.637125689,-35.71355974
27036200,-9.60398527,-35.73121092
27036219,-9.635114,-35.7464312
27036227,-9.62518,-35.7552533
27036235,-9.5282241,-35.607295
27036251,-9.6366607,-35.7024012
27036260,-9.57748007,-35.80776703
27036278,-9.585286346,-35.76785769
27036286,-9.6639764,-35.7573062
27036294,-9.5866525,-35.7579923
27036308,-9.6522237,-35.7227797
27036324,-9.5933048,-35.76801349
27036332,-9.657174158,-35.75545038
27036340,-9.612948333,-35.74567167
27036359,-9.694579616,-35.77885006
27036375,-9.58039,-35.7583899
27036391,-9.5437185,-35.7835713
27036405,-9.673253,-35.76097
27036413,-9.652971597,-35.73114278
27036430,-9.649484,-35.70456
27036448,-9.557626,-35.72965
27036464,-9.6286591,-35.7211299
27036499,-9.6686468,-35.76368
27036553,-9.6574884,-35.7525044
27036561,-9.543946,-35.7171204
27036588,-9.63477,-35.7088767
27036642,-9.6561051,-35.7143175
27036650,-9.627133,-35.75104
27036669,-9.6190394,-35.760803
27036677,-9.590023,-35.78307
27036723,-9.5863167,-35.7978279
27036758,-9.6563773,-35.7289171
27036782,-9.641297,-35.73901
27036790,-9.636895,-35.71187
27036804,-9.6730885,-35.76210026
27036839,-9.6620478,-35.75030223
27036863,-9.65179415,-35.76130967
27036880,-9.6605,-35.73541
27036898,-9.6383164,-35.7317243
27036901,-9.534459,-35.7500489
27036910,-9.6592725,-35.7474322
27036960,-9.639431755,-35.73892445
27036987,-9.639082171,-35.73704198
27036995,-9.630808526,-35.73889645
27037010,-9.64454964,-35.72809242
27037037,-9.6472403,-35.7193556
27037061,-9.639938618,-35.73589657
27037088,-9.57059,-35.7681133
27037142,-9.604850897,-35.73747521
27037150,-9.6274863,-35.7240024
27037185,-9.608773,-35.74245
27037223,-9.66424835,-35.73201026
27037258,-9.5674217,-35.7861826
27037428,-9.6593817,-35.757725
27037525,-9.44943702,-35.73214919
27037568,-9.644139335,-35.72058309
27037614,-9.60006421,-35.72481397
27037681,-9.62644701,-35.73970159
27037800,-9.63773665,-35.71806751
27037860,-9.551994,-35.7868587
27038068,-9.656374,-35.74461
27038084,-9.625047832,-35.74180934
27038297,-9.6658781,-35.7489907
27038319,-9.6532784,-35.759685
27038467,-9.6467349,-35.7435657
27038483,-9.576104,-35.7745
27038491,-9.6526481,-35.7603768
27038505,-9.63980211,-35.73835451
27038521,-9.6558296,-35.7536445
27038556,-9.6197072,-35.7594784
27038564,-9.6585955,-35.758025
27038572,-9.6718,-35.74972
27038580,-9.6530567,-35.7169273
27038599,-9.6386212,-35.7318333
27038637,-9.6536059,-35.7335417
27038645,-9.6691366,-35.7461922
27038653,-9.657247793,-35.751271
27038696,-9.640576,-35.74115
27038734,-9.656894,-35.73768
27038980,-9.58998677,-35.78704783
27039013,-9.5281912,-35.6076657
27046397,-9.5676976,-35.782172
27047466,-9.56949492,-35.7260506
27048438,-9.56841,-35.71496167
27049213,-9.67608923,-35.75628436
27050041,-9.5696252,-35.748238
27051161,-9.58793004,-35.7737519
27051684,-9.5361028,-35.7775858
27051692,-9.6485,-35.7426371
27051706,-9.5629678,-35.7244273
27051714,-9.548348377,-35.76110902
27051722,-9.5421086,-35.7780451
27051757,-9.551495416,-35.72943463
27051781,-9.54929881,-35.74221287
27052389,-9.571042308,-35.80797331
27052397,-9.54234,-35.74307833
27052400,-9.5712285,-35.8084683
27053369,-9.58085956,-35.70565341
27053385,-9.56971136,-35.74100836
27053806,-9.53895694,-35.7908291
27215024,-9.556531612,-35.71442298
27215253,-9.6691384,-35.7453709
27215873,-9.66087743,-35.76141714
27216136,-9.614433,-35.73408
27216179,-9.609791667,-35.753405
27216390,-9.5804034,-35.788845
27216446,-9.5567026,-35.78123
27216489,-9.5320013,-35.6165617
27216608,-9.548023967,-35.72978248
27216616,-9.56508109,-35.74210811
27216667,-9.549655216,-35.73165934
27216977,-9.605852268,-35.76161535
27217221,-9.6655217,-35.7526138
27218155,-9.6113842,-35.7579651
27218163,-9.6599258,-35.7189792
27219585,-9.55232434,-35.76273398
27220044,-9.673187638,-35.75461903
27222373,-9.658527661,-35.75006761
27222446,-9.5458123,-35.7178102
27222454,-9.5776525,-35.7807099
27222462,-9.6609457,-35.7613379
27222470,-9.5751486,-35.6557142
27222489,-9.636449022,-35.71970726
27222497,-9.641073333,-35.71722333
27222500,-9.6597117,-35.7472386
27222519,-9.67134159,-35.74703638
27222527,-9.57673102,-35.76779834
27222861,-9.59531755,-35.77897205
27222900,-9.585833333,-35.71586167
27222926,-9.54997562,-35.7311473
27222934,-9.6721835,-35.7656574
27222942,-9.6437223,-35.7291431
27224546,-9.661062,-35.7380907
27224660,-9.57235829,-35.72074727
27224775,-9.5734497,-35.7408841
27224783,-9.663446381,-35.7263715
27224791,-9.570958,-35.75074
27224929,-9.667781,-35.7384355
27225011,-9.5559153,-35.7289936
27225283,-9.61531029,-35.7501462
27225291,-9.6360186,-35.7192823
27225348,-9.613198333,-35.70142333
27225542,-9.561123666,-35.71343919
27225569,-9.6336825,-35.7252587
27225674,-9.577353113,-35.78024136
27225682,-9.6532416,-35.7621907
27225879,-9.56745032,-35.71644893
27225968,-9.5489787,-35.7473627
27226182,-9.55315258,-35.77380978
27226271,-9.570350016,-35.78592864
27226298,-9.576109084,-35.78846251
27226301,-9.5438116,-35.7684593
27226360,-9.64653304,-35.71816744
27226379,-9.5571624,-35.7225419
27226409,-9.54464225,-35.76980251
27226417,-9.659951,-35.7279495
27226425,-9.695590578,-35.77780659
27226506,-9.57179253,-35.78288703
27226603,-9.5501818,-35.72569781
27226611,-9.567205324,-35.7572685
27226743,-9.6718885,-35.7497895
27226930,-9.577421197,-35.74956546
27226948,-9.6227762,-35.7101926
27226980,-9.5447745,-35.71878799
27226999,-9.546886667,-35.75218
27227073,-9.575382038,-35.77437689
27227081,-9.5763082,-35.7657194
27227090,-9.609299535,-35.73862111
27230066,-9.668586667,-35.7465
27230074,-9.541523466,-35.74988161
27230082,-9.6037022,-35.757025
27230090,-9.5595736,-35.7219754
27230104,-9.54979236,-35.78937787
27230112,-9.579893807,-35.75879233
27230120,-9.6377357,-35.7268431
27230139,-9.5340102,-35.7495219
27230147,-9.56696845,-35.72178493
27230155,-9.6346773,-35.7167646
27230163,-9.5791117,-35.7705794
27230171,-9.60505216,-35.71637222
27230201,-9.56965071,-35.74144097
27230236,-9.582376,-35.77076
27230244,-9.66157554,-35.72141221
27230376,-9.557419,-35.7652456
27230384,-9.5760621,-35.7509949
27230392,-9.541621667,-35.71946833
27230406,-9.67424899,-35.75685949
27230422,-9.56723845,-35.78222046
27230457,-9.6233161,-35.6960209
27230511,-9.62426663,-35.75194429
27230570,-9.6364707,-35.6988064
27230678,-9.572574561,-35.7211342
27235807,-9.5462198,-35.7842017
27237400,-9.652756,-35.70988
27238601,-9.5795982,-35.7372147
27240606,-9.6189472,-35.7026291
27240800,-9.6340664,-35.747086
27241009,-9.65828758,-35.74933633
27245004,-9.54102509,-35.72358571
27253007,-9.5789821,-35.8112165
27320014,-9.667688,-35.73337
27010074,-9.5329432,-36.9852336
27010090,-9.570456667,-37.12659
27010120,-9.45244038,-37.02939174
27010147,-9.47094,-37.04186667
27010236,-9.43788402,-37.02838843
27010317,-9.50504,-37.04248667
27010333,-9.573856667,-36.925305
27010481,-9.532438333,-36.98439333
27010490,-9.534422068,-36.98067896
27010503,-9.561645,-36.99087
27010520,-9.51898,-37.09638
27049701,-9.567934046,-37.12805048
27050122,-9.534858679,-36.97909165
27219100,-9.535736851,-36.99268014
27219119,-9.570994908,-37.12624258
27333019,-9.533686177,-36.98496435
27010384,-9.582105,-36.99963
27010538,-9.566213333,-36.99111167
27032515,-8.927152,-35.16255
27032540,-9.015196,-35.22347
27032590,-8.9862539,-35.19426678
27032744,-9.05848585,-35.24010701
27032892,-9.05259783,-35.2402824
27047750,-8.94335716,-35.1744374
27224643,-8.983333,-35.24972
27225607,-8.987221,-35.3125
27005070,-9.232161418,-37.35176406
27005127,-9.310494,-37.43177
27005186,-9.23235022,-37.35208986
27005194,-9.273550082,-37.38951213
27005224,-9.232721413,-37.35027174
27005305,-9.1912,-37.30388
27223884,-9.234949448,-37.35064189
27039048,-9.71092657,-35.82210164
27039080,-9.724343,-35.81438
27039099,-9.73760011,-35.89105419
27039102,-9.73224686,-35.83668862
27039153,-9.72728931,-35.81535922
27039161,-9.70775679,-35.82318996
27039188,-9.7354913,-35.89064512
27039226,-9.75016384,-35.87470831
27039250,-9.73127598,-35.84235566
27039285,-9.698036,-35.90781
27039293,-9.77501639,-35.85637526
27039307,-9.7263626,-35.86167403
27039323,-9.76506351,-35.87188491
27039331,-9.7201352,-35.89532396
27039340,-9.73770605,-35.88911752
27039404,-9.70946156,-35.89647751
27039412,-9.71654,-35.8939
27039463,-9.72113863,-35.91225069
27039480,-9.71627543,-35.89565279
27039501,-9.74027934,-35.82922766
27039510,-9.71964502,-35.8961852
27053695,-9.72789993,-35.90216685
27053750,-9.75624611,-35.87946712
27053962,-9.72522036,-35.90699721
27054039,-9.74763529,-35.87713873
27054993,-9.76497193,-35.87240825
27216934,-9.691137,-35.81364
27217582,-9.72799318,-35.8394094
27217612,-9.74874215,-35.84674624
27219640,-9.712888,-35.89345
27225550,-9.72610438,-35.89377781
27013162,-9.577890155,-36.30298999
27013189,-9.568054117,-36.37604884
27013260,-9.539060653,-36.33457619
27013308,-9.592304137,-36.27803958
27013316,-9.5989991,-36.3421336
27013375,-9.572421667,-36.30396667
27013391,-9.5810056,-36.3083435
27013405,-9.57762824,-36.30731244
27013413,-9.518897356,-36.37698443
27013456,-9.5512466,-36.2548275
27013464,-9.580846117,-36.30845021
27013472,-9.518996095,-36.37714234
27013480,-9.585697772,-36.32031002
27214133,-9.57792,-36.30358
27013499,-9.446245534,-36.38990907
27013650,-9.451457611,-36.3879581
27013669,-9.45807613,-36.41842539
27224805,-9.45207146,-36.39721599
27224902,-9.446158782,-36.39001317
27002020,-9.115658333,-37.724305
27002055,-8.937203041,-37.82221137
27002063,-9.14337581,-37.83568628
27002098,-9.023367539,-37.62340385
27002160,-9.085335913,-37.7516888
27002179,-8.970615612,-37.73175764
27002322,-9.126066095,-37.77100188
27002390,-9.150770623,-37.71215077
27002489,-9.084065761,-37.7066276
27002497,-9.168261476,-37.72872113
27002594,-9.147022488,-37.68661036
27002616,-9.118165481,-37.7292662
27002624,-9.127587201,-37.70990887
27002659,-9.123976571,-37.73666373
27002691,-9.057336207,-37.65647549
27002780,-9.078363385,-37.76712382
27002799,-9.15325481,-37.69655113
27002810,-9.10236354,-37.65573931
27002829,-9.051159667,-37.718359
27054527,-9.149328517,-37.84299002
27054543,-9.114791849,-37.7288026
27055086,-9.13932174,-37.83025389
27213781,-9.182904409,-37.7423548
27213854,-9.160547527,-37.85128769
27213919,-9.02889729,-37.67983695
27220443,-9.118163511,-37.72853899
27029476,-9.147180445,-35.52504092
27029484,-9.1521426,-35.5266918
27029514,-9.08110326,-35.62268694
27029573,-9.053596214,-35.5890502
27029654,-9.153037,-35.53178
27029794,-9.049071667,-35.67031333
27029921,-9.1484231,-35.5238684
27215881,-9.163842788,-35.54569384
27218082,-9.1519968,-35.5272783
27218090,-9.151897947,-35.52634145
27221830,-9.157369,-35.533529
27224368,-9.162346534,-35.54647369
27225755,-9.15283,-35.52944833
27226549,-9.049332933,-35.61007443
27290000,-9.157465,-35.532685
27029930,-9.39295192,-35.83928881
27029956,-9.3957765,-35.83987752
27030075,-9.39263414,-35.83921444
27030105,-9.3814877,-35.8362399
27052010,-9.37944256,-35.83674492
27052273,-9.38924777,-35.84318905
27224325,-9.37786327,-35.83557156
27238008,-9.39058468,-35.84466056
27313018,-9.38869481,-35.84257346
27013707,-9.5801459,-36.3054368
27013723,-9.31485895,-35.56052571182205
27013758,-9.6267786,-35.7217376
27013863,-9.3063298,-36.8658664
27013871,-9.3067655,-36.8655192
27216071,-9.312194386,-36.87018902
27217671,-9.1292185,-35.7586123
27217841,-9.311318021,-36.86581189
27226891,-9.307957836,-36.8671484
27010589,-9.607885466,-37.32305529
27010597,-9.592777,-37.29055
27010600,-9.642172563,-37.34654683
27010619,-9.629448083,-37.30260743
27010635,-9.601136022,-37.30847438
27010643,-9.578325177,-37.30179385
27010694,-9.607344205,-37.26991058
27010759,-9.597341912,-37.24563081
27010767,-9.6046402,-37.2490494
27050319,-9.605952934,-37.25027924
27030229,-9.303285,-35.94129333
27030237,-9.322010624,-35.93509949
27030245,-9.305836502,-35.93638097
27030474,-9.313741,-35.94436
27030555,-9.321388,-36.01722
27047733,-9.3085417,-35.9362456
27051633,-9.319909383,-35.93346918
27030776,-8.9424851,-35.6614244
27030784,-8.9424718,-35.6614091
27030806,-8.9419483,-35.661586
27030814,-8.9425042,-35.6613864
27030857,-9.0124996,-36.0550421
27030865,-8.9424641,-35.6614531
27030873,-8.9425045,-35.6614172
27030881,-8.9425008,-35.6613869
27030903,-8.9425017,-35.6613856
27030911,-8.9424988,-35.6613895
27030920,-8.9425003,-35.6613794
27030938,-8.9425,-35.6613848
27030962,-8.9425014,-35.6613725
27031047,-8.9425076,-35.6613865
27219151,-8.9424783,-35.6614073
27221130,-8.9425008,-35.6613909
27010902,-9.530122,-37.24798
27011089,-9.535423,-37.29587
27011100,-9.5316955,-37.2952369
27011119,-9.538338,-37.29469
27011143,-9.529445,-37.29562
27011178,-9.530538,-37.29519
27011224,-9.531715,-37.29171
27003701,-9.500162629,-37.82945325
27003744,-9.5287121,-36.98603574503696
27003779,-9.5487914,-35.7517597
27003787,-9.6711397,-37.331598
27003795,-9.331388,-37.80528
27003817,-9.504279653,-37.82676408
27003833,-9.3852898,-37.9954842
27003850,-9.608293799999998,-35.95487810972952
27003892,-9.500945,-37.83162167
27046389,-9.3960859,-38.0071995
27054586,-9.503700673,-37.82662343
27217264,-9.4924108,-37.8246094
27220095,-9.502171772,-37.83641777
27021254,-10.03739141,-36.75237467
27021262,-10.06951233,-36.75831635
27021289,-10.10884328,-36.76182585
27021300,-10.04960409,-36.75509484
27021319,-10.04981716,-36.831026
27021327,-10.00957011,-36.79484191
27021343,-10.089459,-36.7580576
27021351,-10.05127167,-36.7147773
27021378,-10.03283987,-36.86118149
27021386,-10.00953851,-36.79476547
27021416,-10.06679102,-36.7907409
27021424,-10.06946669,-36.75827041
27021467,-10.0573899,-36.8132668
27049515,-10.05471699,-36.8130119
27050378,-10.05135801,-36.74916289
27050394,-10.0569041,-36.86419923
27214702,-10.06497839,-36.75608466
27220281,-10.0574409,-36.8126388
27221156,-10.0544803,-36.81297195
27011313,-9.2198373,-37.7487989
27011569,-9.51794,-37.1912
27011585,-9.474952,-37.24452
27011593,-9.515615464,-37.14820879
27011607,-9.453974948,-37.13587532
27011623,-9.469547,-37.17747
27011631,-9.466943,-37.17695
27219569,-9.517975,-37.1889
27005461,-9.121956667,-37.31509333
27005496,-9.1622074,-37.3594957
27005500,-9.14183,-37.33058833
27005577,-9.1558962,-37.3609163
27005585,-9.161801,-37.35817
27005607,-9.153125,-37.28901167
27005640,-9.160234,-37.35538
27005658,-9.16645,-37.32654833
27005674,-9.13395,-37.29753333
27005690,-9.1514,-37.306925
27005755,-9.12143,-37.30323667
27050939,-9.1647199,-37.3570142
27218708,-9.114268333,-37.32602
27005771,-9.67189856,-37.33282951
27005780,-9.67158581,-37.33236858
27005798,-9.6730588,-37.32654121
27005801,-9.667105,-37.30712
27005810,-9.67707772,-37.32881269
27005836,-9.67180848,-37.33665498
27005852,-9.672178333,-37.33012667
27005860,-9.665844651,-37.30777535
27005887,-9.704590224,-37.31779693
27005895,-9.640871199,-37.3066739
27005917,-9.6625,-37.30667
27013880,-9.4149843,-36.6261708
27013910,-9.42224596,-36.61920352
27013928,-9.4145277,-36.6280008
27013936,-9.408431416,-36.62905499
27013944,-9.38208791,-36.62882256
27013979,-9.3986503,-36.7127485
27013995,-9.4008368,-36.6245964
27014002,-9.4653237,-36.6523799
27014010,-9.5060024,-36.55285665
27014029,-9.412039616,-36.63448311
27014037,-9.418943333,-36.62150667
27014070,-9.42095435,-36.64274578
27014088,-9.4085724,-36.6246846
27014096,-9.4011975,-36.6269468
27014304,-9.414121765,-36.61915219
27014410,-9.35465335,-36.55504644
27014517,-9.43409006,-36.54333177
27014525,-9.41832419,-36.63312144
27014606,-9.397589,-36.58656
27014649,-9.338331667,-36.6792
27014665,-9.366205,-36.71528
27014738,-9.37970303,-36.61945193
27014746,-9.47867176,-36.6182149
27014789,-9.467310975,-36.65384171
27014819,-9.40879681,-36.62492278
27014827,-9.47442784,-36.69505915
27014860,-9.41244893,-36.64445755
27014878,-9.479906671,-36.57403752
27014886,-9.40174375,-36.62299304
27014932,-9.402511,-36.6585128
27014959,-9.4077902,-36.6289912
27014975,-9.45879119,-36.60820652
27014983,-9.44916083,-36.69852956
27015068,-9.4164658,-36.6362534
27015076,-9.405178333,-36.63168167
27015084,-9.42142,-36.61796833
27046338,-9.3839003,-36.6112089
27049183,-9.40945972,-36.65091176
27049345,-9.42232748,-36.64240455
27049566,-9.412740553,-36.61890619
27049710,-9.418223333,-36.52442667
27050076,-9.481083333,-36.70826
27050130,-9.412535867,-36.65212509
27053830,-9.36509,-36.71281833
27053911,-9.414960374,-36.63659913
27053920,-9.411220243,-36.62640698
27055230,-9.467940545,-36.67087173
27215830,-9.406661667,-36.65528333
27219275,-9.419199941,-36.642632
27226336,-9.391062018,-36.66069458
27226794,-9.3788218,-36.6437575
27053822,-9.403255843,-36.71760259
27219240,-9.398285919,-36.71651093
27006050,-9.7531664,-37.4238121
27006069,-9.7464178,-37.4347177
27006107,-9.655275,-37.37196
27006123,-9.595358333,-37.57638
27006131,-9.682366667,-37.39533167
27006166,-9.671274817,-37.38246035
27006182,-9.749628,-37.4465
27006204,-9.66142902,-37.54799856
27006280,-9.786943537,-37.34108585
27006298,-9.784744629,-37.35288723
27006336,-9.736831,-37.525878
27006352,-9.651189404,-37.36373125
27006379,-9.81201427,-37.31851328
27006433,-9.673888,-37.37361
27006468,-9.66018656,-37.59440634
27006549,-9.749763,-37.4397
27006573,-9.70957572,-37.32888764
27047873,-9.673004514,-37.37704162
27053083,-9.74976458,-37.42794573
27220389,-9.543847753,-37.57955355
27222756,-9.748741667,-37.43265
27225844,-9.7130888,-37.49515565
27002950,-9.25367618,-38.00462306
27002985,-9.29611,-38.03416
27003035,-9.223332,-38.02528
27003043,-9.288333,-38.01389
27003094,-9.266388,-38.02139
27003108,-9.22189225,-38.02495674
27047776,-9.257548484,-38.00729519
27039544,-9.407131,-35.54903
27039560,-9.4658899,-35.5485041
27039579,-9.465364,-35.5577
27039587,-9.46417376,-35.54602338
27216969,-9.467506986,-35.55514938
27217230,-9.467484,-35.55524
27355063,-9.463836467,-35.54701659
27032990,-9.24137582,-35.48941937
27033040,-9.268345,-35.46379
27033066,-9.216666,-35.51417
27033082,-9.294417,-35.39828
27033120,-9.311035,-35.41432
27033139,-9.282821,-35.43411
27033163,-9.311072,-35.41418
27033210,-9.241867,-35.48946
27033295,-9.24290727,-35.49012918
27049167,-9.2386522,-35.4863077
27220567,-9.24143594,-35.488715
27015114,-9.363375921,-36.36680963
27015130,-9.370615454,-36.37643809
27015190,-9.42484966,-36.46224567
27015220,-9.36668218,-36.41609777
27015254,-9.32745,-36.36722
27015262,-9.365449394,-36.37182377
27050173,-9.370554183,-36.37570937
27217620,-9.411456,-36.44781
27219836,-9.371570782,-36.37129957
27042375,-10.15103164,-36.41486436
27042618,-10.0782397,-36.4489758
27042626,-10.12107773,-36.38028767
27045145,-10.2841546,-36.5663094
27045188,-10.27697667,-36.56630667
27045200,-10.27468337,-36.56232211
27045226,-10.2864768,-36.5802834
27045234,-10.28665051,-36.54995679
27045250,-10.28916723,-36.58390051
27045315,-10.2705033,-36.5385408
27045323,-10.2652309,-36.5053906
27045366,-10.2947598,-36.5739308
27045374,-10.1965001,-36.5915319
27045463,-10.3787675,-36.5518992
27045480,-10.31694,-36.43389
27045510,-10.28868833,-36.550745
27045552,-10.28383816,-36.5671113
27045609,-10.2707486,-36.5566118
27045650,-10.28928952,-36.56548661
27045676,-10.2875141,-36.5593235
27045684,-10.28196371,-36.56353472
27045706,-10.29231876,-36.57427084
27047830,-10.28627454,-36.5442821
27049280,-10.2788484,-36.546357
27053725,-10.27941043,-36.54735744
27055167,-10.29241732,-36.57929404
27215121,-10.2817365,-36.5549291
27215601,-10.2868904,-36.3905691
27215750,-10.2950893,-36.5263442
27217272,-10.2690482,-36.560722
27217280,-10.2862682,-36.5459859
27217310,-10.2808079,-36.5587613
27217345,-10.2605124,-36.5532264
27218252,-10.2876959,-36.5687926
27218317,-10.2878206,-36.5683991
27224058,-10.28413167,-36.57325333
27230333,-10.2213087,-36.5685913
27045714,-10.3963325,-36.4272219
27045749,-10.3932244,-36.4886436
27045757,-10.40787301,-36.42869747
27045811,-10.381802,-36.4872935
27045846,-10.4426863,-36.3999157
27045870,-10.3672486,-36.4909759
27045889,-10.395938,-36.4270724
27045897,-10.3547405,-36.2977855
27045919,-10.4069531,-36.4321011
27045927,-10.405783,-36.4292374
27045935,-10.3673472,-36.3383262
27045943,-10.3962015,-36.4572977
27045951,-10.4075373,-36.4297097
27051838,-10.4076748,-36.43031
27053768,-10.35150394,-36.30087289
27055000,-10.35415284,-36.29750589
27221610,-10.4066483,-36.4323933
27223930,-10.3986111,-36.4297318
27226450,-10.407497,-36.4292728
27039595,-9.5980328,-35.9554418
27039668,-9.597516667,-35.95430833
27039692,-9.593737,-35.95669
27039706,-9.598772828,-36.07250107
27039790,-9.593540048,-35.95144417
27039927,-9.60856342,-35.95371051
27039935,-9.594073,-35.95644
27039943,-9.606364109,-35.95513087
27039960,-9.607971667,-35.95293167
27039986,-9.56556662,-35.96750046
27040046,-9.606098333,-35.95934333
27040054,-9.588647364,-35.95923934
27049299,-9.587301667,-35.95884667
27051846,-9.59600297,-35.95393877
27052230,-9.55496828,-35.96624738
27052249,-9.584956667,-35.96252333
27052893,-9.594531292,-35.96695145
27052907,-9.58542511,-35.96205889
27053733,-9.61169399,-35.95777681
27054063,-9.596775226,-35.9540074
27054071,-9.59339,-35.95028167
27054772,-9.596905915,-35.95656234
27054780,-9.549645488,-35.96251113
27225577,-9.591198333,-35.96238167
27226018,-9.598518801,-35.96125151
27226913,-9.60709072,-35.95292002
27309029,-9.59395169,-35.95663451
27312011,-9.606903065,-35.95210182
27022900,-9.428254,-36.29572
27022919,-9.495141,-36.24131
27022943,-9.512143,-36.2496
27023079,-9.474115,-36.2900168
27023087,-9.475688333,-36.28667
27217566,-9.474115,-36.2900168
27222632,-9.511027,-36.2901
27224449,-9.453814,-36.24628
27230708,-9.474115,-36.2900168
27003973,-9.4842305,-37.6675934
27004015,-9.38491,-37.7077
27004023,-9.50458944,-37.67697922
27004074,-9.487268333,-37.72862667
27004082,-9.424250331,-37.71539633
27004210,-9.38974377,-37.66946896
27004368,-9.607684007,-37.75978454
27004376,-9.606497926,-37.77077976
27047628,-9.622022,-37.76583
27051110,-9.60032327,-37.77109284
27222217,-9.59851938,-37.77266538
27222225,-9.6071012,-37.7610758
27224600,-9.481474673,-37.67210372
27224627,-9.480746412,-37.66842599
27230465,-9.599608253,-37.76995825
27278000,-9.6035233,-37.75915866
27279006,-9.605847448,-37.7611896
27280004,-9.4801153,-37.6654708
27004066,-9.669503333,-37.65906667
27006590,-9.23637334,-37.22491847
27006794,-9.331943,-37.26639
27006832,-9.35698583,-37.36532991
27006875,-9.27361,-37.27139
27006972,-9.335421,-37.48532
27006980,-9.4132745,-36.6446992
27006999,-9.321176667,-37.36703833
27007022,-9.33928925,-37.28440574
27007057,-9.306024,-37.28499
27225976,-9.3095513,-37.2873107
27031063,-9.0599551,-35.3923639
27031365,-9.05762187,-35.39764763
27031403,-9.04987462,-35.39991462
27031446,-9.051872,-35.3959511
27031462,-9.0550388,-35.3959069
27031470,-9.052962,-35.3958366
27031500,-9.347278,-35.468549242857584
27031543,-9.0516817,-35.3959319
27031624,-9.05786665,-35.39714889
27031640,-8.96539977,-35.43226452
27031683,-9.05318146,-35.40009606
27049590,-9.04646911,-35.41090502
27216144,-9.04609423,-35.4109428
27221725,-9.0092244,-35.43170848
27221750,-9.05059546,-35.4206758
27221776,-9.05447985,-35.39645612
27227030,-9.0516809,-35.3959334
27343014,-9.05705387,-35.39907332
27033384,-9.15903622,-35.29637042
27033406,-9.162697108,-35.2981806
27033414,-9.142962797,-35.33652202
27033481,-9.162535798,-35.29799469
27033511,-9.174255,-35.40042167
27033538,-9.195717573,-35.32450539
27033546,-9.15545,-35.41210333
27033589,-9.134876667,-35.42582833
27033600,-9.207902262,-35.33482494
27033627,-9.162250059,-35.297934
27033678,-9.217546857,-35.33992684
27048292,-9.153336366,-35.29776662
27216594,-9.16643,-35.45051
27217248,-9.174190625,-35.30373495
27340023,-9.178311252,-35.30773823
27033503,-9.217464169,-35.34010587
27045986,-10.1883485,-36.8361686
27045994,-10.07894049,-36.69642477
27046001,-10.05788933,-36.7099845
27046010,-10.0829225,-36.7301465
27046028,-10.01409784,-36.67120424
27046036,-10.01653152,-36.68016731
27046044,-10.2366161,-36.7350435
27046052,-10.1494017,-36.8008115
27046079,-10.1191949,-36.731322
27046087,-10.22244056,-36.74904733
27046095,-10.1504688,-36.8071108
27046109,-10.04520216,-36.67782979
27046117,-10.02328416,-36.68588101
27046125,-10.1214517,-36.7616195
27046133,-10.1339442,-36.7858839
27046141,-10.0944688,-36.6884487
27046150,-10.1224029,-36.7193008
27046168,-10.1496896,-36.7704898
27046176,-10.03565016,-36.65984815
27046184,-10.2027322,-36.78469
27046206,-10.18537724,-36.83488908
27046214,-10.095506,-36.7014705
27046222,-10.1102673,-36.7605061
27046230,-10.06589885,-36.71280187
27046249,-10.15871688,-36.7347103
27046257,-10.062376,-36.6865466
27046265,-10.17477548,-36.83423482
27046273,-10.1861199,-36.7822171
27046281,-10.0670105,-36.6706495
27046290,-10.2122824,-36.7719929
27046303,-10.18660295,-36.8392826
27046311,-10.1836394,-36.835192
27047989,-10.1886774,-36.8384036
27218520,-10.1882365,-36.838504
27218538,-10.181739,-36.8392261
27219739,-10.0633051,-36.6897545
27225836,-10.1849353,-36.8068767
27225933,-10.00916784,-36.70149141
27226581,-9.9940792,-36.6533083
27015530,-9.318752576,-36.47102484
27015696,-9.284708045,-36.54971413
27015718,-9.282555005,-36.41622944
27047903,-9.326645064,-36.48256445
27050165,-9.318224621,-36.47088913
27226395,-9.308736582,-36.47356346
27038629,-9.47333371,-35.80871607
27040119,-9.4839828,-35.85506671
27040240,-9.48312993,-35.85605219
27040259,-9.483645383,-35.85433101
27040267,-9.516074475,-35.8079353
27040291,-9.48305082,-35.84967226
27040313,-9.531206272,-35.85017273
27040348,-9.51834663,-35.80283138
27040488,-9.510240458,-35.80949388
27040500,-9.482409967,-35.84291171
27040542,-9.49616132,-35.81527801
27040577,-9.537916812,-35.80887968
27040593,-9.523825308,-35.7986672
27040607,-9.477545,-35.82262167
27040674,-9.47995153,-35.83293645
27040720,-9.53450188,-35.80955385
27040739,-9.474180126,-35.85870713
27040747,-9.468430892,-35.83399815
27040755,-9.472005,-35.835007
27040771,-9.4820069,-35.8543098
27040798,-9.48215328,-35.84265828
27040801,-9.487324712,-35.85433363
27040810,-9.47373435,-35.83323036
27040828,-9.485705558,-35.85629876
27040836,-9.47802886,-35.85882568
27040844,-9.485475121,-35.85662047
27040852,-9.486861584,-35.8488999
27040860,-9.50381959,-35.8135003
27040879,-9.4583733,-35.838471771403164
27040909,-9.482199576,-35.84249584
27049191,-9.481456528,-35.85541926
27050564,-9.51130292,-35.80387673
27051862,-9.47481764,-35.81651073
27052265,-9.53868532,-35.80924974
27052710,-9.4712249,-35.84504976
27052729,-9.529656233,-35.80145273
27052737,-9.47345315,-35.83261105
27054128,-9.48509441,-35.80350394
27214699,-9.47488915,-35.85414597
27219925,-9.4804081,-35.8211241
27220060,-9.481068994,-35.85430501
27226174,-9.533946812,-35.80535347
27226832,-9.4795684,-35.8378184
27353052,-9.534280218,-35.80872484
27359018,-9.529504335,-35.80043739
27359026,-9.48711072,-35.85362436
27359034,-9.504378623,-35.81161131
27043452,-9.83306465,-35.9807395
27043479,-9.834692424,-35.98127884
27043495,-9.895037894,-35.97732159
27048810,-9.832932974,-35.97643594
27050785,-9.833623333,-35.97818833
27052443,-9.83863,-35.98089667
27224074,-9.831732618,-35.97886192
27040925,-9.60167426,-35.82351709
27040941,-9.4957943,-37.1167088
27040950,-9.597499,-35.8325
27040968,-9.600831542,-35.82178874
27040976,-9.609076114,-35.82095088
27040984,-9.6042957,-35.82215298
27041000,-9.600767478,-35.81651511
27041018,-9.597409464,-35.82021589
27041026,-9.6014521,-35.8225402
27221474,-9.603303033,-35.821779
27007090,-9.366673333,-37.24396833
27007103,-9.325733333,-37.16843833
27007120,-9.3867328,-37.1428719
27007375,-9.423551667,-37.20622667
27007383,-9.366954113,-37.24600917
27007405,-9.37683524,-37.23180743
27007448,-9.37393266,-37.24805485
27007456,-9.3669377,-37.2448849
27007464,-9.413121667,-37.32566667
27007472,-9.357320201,-37.36605227
27007529,-9.406286667,-37.14508167
27007537,-9.296433333,-37.20576
27007561,-9.39651161,-37.16601045
27007669,-9.372663333,-37.230975
27007731,-9.426943,-37.29417
27007758,-9.376435429,-37.25340268
27007936,-9.386921667,-37.14279333
27007960,-9.370097159,-37.24774816
27007987,-9.372044108,-37.24163742
27008053,-9.30807126,-37.08325742
27047580,-9.38456859,-37.24318906
27050203,-9.28732344,-37.06335719
27051960,-9.37304,-37.22798333
27052540,-9.36063,-37.25200833
27054233,-9.31183948,-37.1574088
27054411,-9.380174931,-37.24233027
27214290,-9.300862346,-37.1362582
27214516,-9.364208333,-37.24938667
27216683,-9.364148333,-37.24933833
27217973,-9.386907914,-37.14530115
27221920,-9.37701479,-37.25396994
27225259,-9.367083446,-37.2439489
27286002,-9.363613,-37.24823
27353010,-9.373140879,-37.2418342
27023516,-9.184481667,-36.21909
27023532,-9.169948,-36.2173
27021483,-10.12541536,-36.89795873
27021505,-10.16706858,-36.84149332
27021513,-10.09548,-36.8205852
27021530,-10.08896721,-36.92985439
27021548,-10.13138838,-36.78659363
27021556,-10.14712623,-36.85521561
27021564,-10.12594542,-36.89423687
27021572,-10.13067,-36.7864223
27021580,-10.12356102,-36.90182551
27021599,-10.12339254,-36.89727388
27021602,-10.06592164,-36.87010174
27021610,-10.1233644,-36.8973866
27218414,-10.14590484,-36.8555381
27023583,-9.01110864,-36.05995286
27023621,-9.04329937,-36.1035996
27023648,-8.967483,-35.97286
27023672,-9.05929918,-36.12673973
27023702,-9.056685604,-36.08342017
27023710,-9.01341413,-36.02343088
27023737,-9.007478091,-36.0624696
27023753,-9.037978956,-36.07530884
27023761,-9.061745,-36.044365
27023770,-9.045756667,-36.01776167
27023788,-9.01332855,-36.05536102
27023796,-9.001017278,-36.05671979
27023800,-8.966841367,-35.95957026
27023834,-8.984578773,-36.0338081
27023869,-9.031791352,-36.01517673
27023923,-9.005787503,-36.05637462
27023940,-9.007067459,-36.05462283
27023966,-9.010526858,-36.059039
27219283,-9.05558458,-36.03370648
27219291,-8.975091667,-36.06527833
27219305,-8.91090568,-35.9815233
27219313,-9.030572958,-36.05665399
27219321,-9.03819676,-36.03919918
27223426,-9.01200594,-36.05867386
27226468,-9.008235,-36.06342667
27238202,-9.006573825,-36.06009368
27008169,-9.5607954,-37.3789856
27008177,-9.53641,-37.5196835
27008185,-9.4955683,-37.5745949
27008266,-9.570711667,-37.34591167
27008274,-9.567304,-37.45824
27008282,-9.53723,-37.35491
27008290,-9.525173333,-37.41750167
27008304,-9.4500955,-37.6306234
27008312,-9.532881667,-37.489715
27008347,-9.4854501,-37.6214644
27008363,-9.502456667,-37.467135
27008410,-9.62335,-37.47838
27008452,-9.5619339,-37.3806824
27008460,-9.452738333,-37.58967167
27008479,-9.5622637,-37.3800925
27008568,-9.621296667,-37.386045
27008592,-9.6376112,-37.4075043
27008630,-9.5016833,-37.608595
27008657,-9.60128,-37.36162167
27008665,-9.533263,-37.52209
27008720,-9.54545,-37.41624833
27048969,-9.550693333,-37.34565833
27051455,-9.553668333,-37.38847667
27054160,-9.529645,-37.52182
27220338,-9.5518355,-37.3836149
27221245,-9.4979383,-37.5412866
27221326,-9.5582862,-37.380154
27221334,-9.6004567,-37.3590481
27222691,-9.5581001,-37.3794166
27241203,-9.45251,-37.53025833
27241408,-9.5546224,-37.3742991
27031691,-9.31826794,-35.56507791
27031772,-9.313818333,-35.56655667
27031829,-9.30840842,-35.55851542
27031837,-9.14062576,-35.65570689
27031870,-9.280866855,-35.59939753
27031926,-9.348992291,-35.61489138
27031934,-9.250415,-35.58327333
27032094,-9.31835457,-35.56084753
27032116,-9.204444,-35.64972
27032124,-9.309268012,-35.56326466
27032132,-9.31928643,-35.56640271
27032191,-9.299110062,-35.56261244
27032205,-9.318263596,-35.56204132
27053393,-9.321854822,-35.55986797
27053407,-9.32554669,-35.58068185
27053415,-9.311271667,-35.56929167
27054330,-9.300270583,-35.56261355
27214486,-9.27337,-35.56966667
27215660,-9.134404161,-35.61881295
27220958,-9.31717182,-35.56731364
27224759,-9.318243898,-35.56579188
27226719,-9.27745909,-35.6502813
27230694,-9.32549106,-35.56863695
27043550,-9.7785307,-36.0996755
27043606,-9.7815354,-36.0959228
27043622,-9.779829942,-36.09922894
27043630,-9.7941127,-36.0979264
27043690,-9.7794689,-36.0987749
27043843,-9.7802227,-36.102068
27044050,-9.7921209,-36.1033826
27044157,-9.7930581,-36.0771923
27044165,-9.7827673,-36.0921712
27044181,-9.7787603,-36.0990915
27047601,-9.78179893,-36.0958603
27047610,-9.8018322,-36.1065517
27048497,-9.782734274,-36.0923234
27049965,-9.8002066,-36.1042604
27051196,-9.793894356,-36.10520608
27051617,-9.8028465,-36.1018808
27053741,-9.800136667,-36.10578167
27053938,-9.792191679,-36.07795871
27053970,-9.784376831,-36.09140594
27054144,-9.794096667,-36.10260667
27054853,-9.80785056,-36.10865364
27054861,-9.794107202,-36.09922262
27215857,-9.7915439,-36.1028097
27221733,-9.7835056,-36.0947896
27226310,-9.791605554,-36.10109543
27226883,-9.77775387,-36.1012204
27233200,-9.7861121,-36.0912181
27319016,-9.8001987,-36.1024891
27033805,-9.26573696,-35.37197499
27033821,-9.238863366,-35.35238255
27033848,-9.279250372,-35.38773233
27033856,-9.195538858,-35.44002495
27033880,-9.26658788,-35.37312362
27033899,-9.239021414,-35.35126134
27221660,-9.27867923,-35.38670729
27221679,-9.26497247,-35.37634114
27221695,-9.24315275,-35.35014738
27221709,-9.205502595,-35.39763014
27221768,-9.244967433,-35.36035003
27020320,-9.93530997,-36.55392829
27020355,-9.930684,-36.5218
27020363,-9.90808,-36.576345
27020371,-9.88225004,-36.50285787
27020380,-9.894721,-36.52389
27020401,-9.878761,-36.57757
27020410,-9.959213,-36.60274
27020436,-9.90163252,-36.59712377
27020444,-10.02211167,-36.56953333
27020452,-9.848333,-36.54139
27020479,-9.930806,-36.5487
27020509,-10.00724,-36.61986
27020517,-9.886312,-36.55217
27020525,-9.932969667,-36.54050713
27020541,-10.01361,-36.57833
27020576,-9.9555,-36.54476
27020584,-9.86579765,-36.50809957
27020606,-9.98830671,-36.63631203
27020614,-9.98727741,-36.55989826
27020622,-9.959323,-36.6025754
27020630,-9.960976667,-36.52934167
27020649,-9.92503176,-36.6020574
27020657,-9.992703,-36.48937
27020665,-9.87414231,-36.56142822
27020681,-9.909216667,-36.59540333
27020746,-9.882536667,-36.54037
27020762,-9.984986,-36.5503
27020770,-9.935511,-36.55184
27047660,-9.931409,-36.53924
27222993,-9.99198989,-36.56126019
27225518,-9.929943918,-36.54544635
27041042,-9.573547617,-35.82053091
27041077,-9.5720803,-35.8232669
27041085,-9.5699011,-35.8265702
27041093,-9.5619718,-35.8576982
27041123,-9.5732653,-35.8292411
27041131,-9.565514,-35.8242724
27041158,-9.5719566,-35.8234529
27041166,-9.5720792,-35.8232261
27041174,-9.5720779,-35.8232819
27217469,-9.5882674,-35.8755617
27221040,-9.5736293,-35.827118
27221105,-9.5736903,-35.824546
27221377,-9.5882401,-35.8739834
27226956,-9.5337907,-35.8000812
27311015,-9.55088225,-35.81081723
27008401,-9.7492962,-37.4373744
27008819,-9.460891667,-37.45426167
27008827,-9.464418664,-37.45548024
27008932,-9.427917,-37.47525
27009084,-9.467251667,-37.45925833
27009106,-9.378342,-37.44814
27009122,-9.468243333,-37.45717833
27009173,-9.351046,-37.53659
27015750,-9.53280461,-36.43252376
27015858,-9.53747632,-36.42587783
27015920,-9.53445086,-36.43414797
27015939,-9.592823437,-36.41068286
27015947,-9.592138804,-36.39850538
27015980,-9.54819191,-36.45912915
27049396,-9.53727324,-36.42604089
27051234,-9.593028668,-36.41163027
27220729,-9.58829559,-36.43920324
27222098,-9.58852905,-36.43962168
27020819,-9.642348918,-36.49751458
27020843,-9.659650912,-36.48740984
27020878,-9.545157723,-36.53644234
27020894,-9.629560922,-36.48180836
27020908,-9.628401012,-36.40902827
27020916,-9.632535,-36.46005833
27020924,-9.590166579,-36.55448084
27020932,-9.637729358,-36.41420946
27020967,-9.64369055,-36.49507463
27020983,-9.643140212,-36.49260071
27020991,-9.61157979,-36.52130965
27021009,-9.64034208,-36.47326105
27021017,-9.622573201,-36.51187758
27021025,-9.64384384,-36.53381814
27021033,-9.653935349,-36.47829942
27021041,-9.675376215,-36.4691867
27021050,-9.595428742,-36.54594415
27021084,-9.639697188,-36.52411535
27021114,-9.67002236,-36.53296055
27021122,-9.656938047,-36.40874843
27021130,-9.596439307,-36.53706478
27021149,-9.657524647,-36.45755606
27021165,-9.669109869,-36.46653582
27021173,-9.663006667,-36.427385
27021211,-9.562693178,-36.56744499
27021238,-9.646868333,-36.49313667
27021246,-9.597705812,-36.49922417
27221091,-9.646620173,-36.49378275
27224112,-9.597888454,-36.54157424
27044190,-9.915232798,-36.35827878
27044203,-9.907959821,-36.35227466
27044211,-9.907346667,-36.36383167
27044270,-9.963713307,-36.42798898
27044289,-9.908882165,-36.35177979
27044297,-9.907186381,-36.35878815
27044300,-9.914545859,-36.35638305
27044319,-9.896281902,-36.36706394
27044327,-9.915261799,-36.35816932
27044335,-9.899098892,-36.33778713
27044343,-10.0217841,-36.3224741
27044360,-9.954973733,-36.39628134
27044386,-9.971409612,-36.46881077
27044424,-9.927045582,-36.38598458
27044459,-9.962376771,-36.45666221
27044475,-9.885498815,-36.36523448
27044505,-9.905309714,-36.3911853
27044521,-9.921170628,-36.40728709
27044530,-9.949788493,-36.37332782
27044548,-9.909669431,-36.35301415
27044556,-9.978401167,-36.41626504
27044599,-10.02538526,-36.42550685
27044629,-10.03534053,-36.35535635
27044645,-9.912387729,-36.34806829
27044670,-10.01098024,-36.39067224
27048535,-9.912512488,-36.34715098
27049264,-9.907327238,-36.35147301
27049272,-9.907803666,-36.34883691
27050114,-9.906480163,-36.36339242
27050700,-9.90854823,-36.35263802
27051730,-9.910010335,-36.36338657
27052940,-9.95011216,-36.4010451
27052958,-9.917486524,-36.35211012
27217485,-9.914339923,-36.36581959
27217493,-9.900856726,-36.3655923
27224147,-9.991376312,-36.37561675
27226247,-9.982438437,-36.35789037
27230449,-9.905824699,-36.36099377
27240207,-9.883350721,-36.36573482
27240401,-9.902862241,-36.36294952
27246000,-9.90809984,-36.35127394
27353036,-9.91149304,-36.34728813
27021629,-9.969345781,-37.00360101
27021637,-9.96373577,-36.99950309
27021645,-9.9694315,-37.0033381
27021653,-9.955349886,-36.87911524
27021661,-10.02220524,-36.86287648
27021670,-9.904790181,-37.01202144
27021688,-9.896363555,-37.01096754
27021718,-9.930224155,-37.10469742
27021742,-9.887857605,-37.05788533
27021769,-9.957308946,-36.85284242
27021777,-9.763189852,-36.99640514
27021807,-9.84641247,-37.02729975
27021831,-9.968339113,-37.06323499
27021840,-9.835839517,-36.98687418
27021858,-9.749162528,-36.92284917
27021866,-9.883202529,-37.03718838
27021874,-9.892584626,-36.97156783
27021882,-9.913122947,-36.91876567
27021890,-9.255792,-37.999823
27021904,-10.2842208,-36.573468969130914
27021912,-9.58206155,-35.76437808489008
27021920,-9.37603705,-37.25440558601022
27021939,-9.70913365,-35.816015717211144
27021947,-10.0157612,-36.87458885
27021955,-9.808189902,-36.97228203
27021971,-9.784150032,-36.95622297
27022013,-10.06651829,-36.94628638
27022021,-9.936150424,-36.93803667
27022030,-9.896935945,-36.98637269
27022056,-9.854872241,-37.07153901
27022080,-9.77152175,-37.01159758
27022099,-10.05978601,-36.94868351
27022102,-9.966327,-37.00284
27022129,-9.966473,-36.90868
27022137,-9.849232326,-37.10345391
27022145,-9.953349621,-36.82647301
27022153,-9.915457894,-36.89109332
27022161,-9.808841248,-37.03626969
27022170,-9.967240663,-36.90934877
27022196,-9.770693458,-36.9321877
27022200,-9.966771712,-37.00346961
27022218,-9.9705866,-37.0029992
27022226,-9.992192248,-36.88779873
27022234,-9.808244552,-37.0381005
27048039,-9.930125135,-36.84931523
27052672,-9.959550198,-36.99474822
27217884,-9.860731401,-37.02373719
27217906,-9.773388551,-37.01304664
27217914,-9.976599435,-36.8625697
27217930,-9.3060206,-37.2867487
27218775,-9.991021004,-36.88957653
27218848,-9.964724,-36.99902
27220516,-9.721488962,-36.92818492
27220524,-9.771489875,-36.93049787
27220532,-9.822913427,-37.01567556
27220559,-9.92871291,-36.89926157
27224040,-9.978757739,-36.97701734
27225623,-9.5978442,-35.95683013355119
27227227,-10.07165085,-36.94156105
27277003,-9.929961143,-36.96253823
27023982,-9.152378605,-36.02590702
27024008,-9.162180824,-36.03268518
27024016,-9.15540516,-36.03294513
27024059,-9.165615267,-36.02368847
27024067,-9.15734614,-36.02478744
27024369,-9.0961178,-35.9268116
27024644,-9.4678571,-37.2847653
27024709,-9.14592224,-36.00172088
27024717,-9.155333333,-36.00589
27024857,-9.096672399,-36.02794988
27024873,-9.15711125,-36.03057063
27024881,-9.08189419,-36.03727126
27024890,-9.159165,-36.02921833
27024903,-9.189706667,-36.13150833
27024954,-9.1610173,-36.0260824
27024970,-9.136763215,-36.04975268
27025047,-9.160090126,-36.03400734
27025055,-9.158038333,-36.033835
27249000,-9.15754,-36.03055
27025080,-9.370559,-36.24026
27025136,-9.372262333,-36.26138253
27025144,-9.368562,-36.25736
27025160,-9.37195377,-36.33564697
27025306,-9.348283204,-36.17287249
27025322,-9.305820468,-36.15284188
27025357,-9.422833,-36.32491
27025373,-9.423508994,-36.21642581
27025438,-9.3707751,-36.25890883
27025454,-9.373327,-36.25215
27025489,-9.379285,-36.23871167
27025497,-9.374907,-36.24042
27025519,-9.380089,-36.24645
27025535,-9.37252,-36.24584
27025578,-9.328108,-36.32896
27049043,-9.37360415,-36.24104129
27049400,-9.372352143,-36.22802778
27049418,-9.38558271,-36.24973715
27049426,-9.37960832,-36.24364778
27050580,-9.371177,-36.2414
27054420,-9.382562852,-36.25246086
27213609,-9.338511,-36.3075
27213668,-9.413844,-36.31742
27217710,-9.369041982,-36.24422852
27220370,-9.358572,-36.25047
27220494,-9.374468333,-36.24390167
27224228,-9.379777,-36.24485
27225208,-9.358588,-36.25033
27225216,-9.373655,-36.24031
27224201,-9.338110374,-36.30456868
27002080,-9.6664443,-35.7278554
27002144,-10.045612,-36.651533
27002292,-9.4529623,-37.2824085
27002411,-9.0253898,-37.6684285
27002721,-9.4215167,-36.6408939
27002748,-9.1205267,-37.7305765
27002764,-9.115678,-37.72422278631702
27002845,-9.119574,-37.7301488
27002918,-9.1196595,-37.730083
27002926,-9.203934,-37.7937887
27008843,-9.824741,-35.8813204
27009114,-9.7080878,-36.7083413
27019837,-9.790387,-36.501835
27029670,-9.3697057,-36.2420155
27029816,-9.1615527,-36.028889
27029875,-9.7006982,-36.6126764
27031918,-9.2411463,-35.626374517694416
27032167,-9.3220465,-35.559917
27039714,-9.6061139,-35.9562584
27039854,-9.670193,-35.7460379
27039919,-9.5984841,-35.9611052
27213897,-9.0002764,-37.6872468
27213900,-9.3921242,-38.1905082
27213960,-9.656177,-35.7206829
27214125,-9.7848963,-36.3467508
27221342,-9.2320742,-37.3517761477387
27226476,-9.4832131,-37.3726398
27038530,-9.717929,-35.8954244
27010686,-9.5328091,-36.4325073
27006085,-9.6684023,-37.1260154
27006115,-9.6830491,-37.5594556
27006263,-9.7163683,-37.4773769
27006360,-9.7163683,-37.4773769
27044084,-9.572262,-35.8250501
27010392,-9.5384084,-36.9948101
27010457,-9.7619783,-36.5574099
27031977,-9.224203,-35.5930709
27214621,-9.31816825,-35.67715815110832
27215598,-9.7429706,-36.6387458
27221008,-9.6524222,-35.732104568386454
27043703,-9.6680687,-35.73366346045969
27317021,-9.66904085,-35.71503741962559
27214630,-9.5741945,-35.7796591
27001474,-9.65949895,-35.75378348625683
27001504,-9.7718352,-36.6662961
27001954,-9.6626922,-37.3077702
27001989,-9.1229334,-37.7351147
27215814,-9.3653996,-37.2643513
27019780,-9.75582895,-36.65253170422371
27019942,-9.752938,-36.449208
27020037,-9.7130052,-36.4738486
27020096,-9.7278908,-36.4472492
27052818,-9.7469245,-36.6611326
27222012,-9.89813165,-36.2196135
27031853,-9.35991985,-35.58808226289029
27220974,-9.18241285,-35.67622601878884
27222578,-9.89813165,-36.2196135
27043037,-9.23925255,-35.351170799576394
27043169,-9.9224172,-36.4732846
27215326,-9.6634651,-35.7264471
27010139,-9.90987,-36.3456569
27029549,-9.1539551,-35.5338562
27029581,-9.95716345,-36.79254305
27031861,-9.9087365,-36.35194593450973
27031985,-9.3112326,-35.63936985551085
27214397,-9.17155265,-35.70586452452755
27214729,-9.6038164,-35.7447495
27235408,-8.8472465,-35.5683373
27025888,-9.5235794,-36.1691183
27026205,-9.5121421,-36.0038692
27011879,-9.3967041,-36.9861912
27224244,-9.83452725,-35.98197162821535
27029298,-9.737429,-36.671132583114215
27042146,-9.7836151,-36.3523408
27017591,-9.6014521,-35.8225402
27004406,-9.4288134,-37.3466492
27004465,-9.451198,-37.2984101
27004520,-9.4500499,-37.3278562
27004570,-9.4956512,-37.383336
27022390,-9.7458354,-36.658759
27012263,-9.1298504,-37.6344134
27012336,-9.18241285,-35.67622601878884
27012344,-9.4957943,-37.1167088
27219224,-9.1774773,-35.76629487681154
27221083,-9.1461956,-36.0013783
27012654,-9.5356656,-36.6315289
27012700,-10.270227,-36.553362
27044840,-10.1929257,-36.6316668
27045030,-9.5117362,-35.8124186
27214273,-9.7489163,-36.654269
27215164,-9.6014521,-35.8225402
27001520,-9.5114663,-37.1943835
27001709,-9.6524222,-35.732104568386454
27215806,-9.4711022,-37.4579883
27009785,-9.6416323,-37.2064762
27009793,-9.6323123,-37.2053294
27009840,-9.5487914,-35.7517597
27043819,-9.60182745,-35.73098070357714
27043096,-9.5487914,-35.7517597
27043274,-9.6427103,-36.2179074
27043363,-9.70913365,-35.816015717211144
27019730,-9.53358725,-36.98027349739768
27019810,-9.695524,-36.573737
27019888,-10.2826494,-36.5542445
27019950,-9.7168933,-36.4251487
27020010,-9.5079701,-36.5222227
27010279,-9.5910522,-35.73554734524568
27013693,-10.1877621,-36.8385524
27013740,-9.6301491,-35.74347493227202
27011291,-9.48317025,-37.37504235
27011305,-9.4689578,-37.4596855
27011330,-9.453041,-37.192669
27011399,-9.5189373,-37.1896617
27011402,-9.5562232,-35.7142551
27011437,-9.6594744,-35.7389707
27011445,-9.91148525,-36.347065085816496
27011453,-9.5156799,-37.1868406
27011461,-9.717929,-35.8954244
27011488,-9.308913,-35.9536967
27011496,-9.2481743,-36.0162024
27011526,-9.3220465,-35.559917
27011534,-9.9288288,-36.5547346
27223949,-9.453041,-37.192669
27005380,-9.6194679,-35.7309199
27005470,-9.1615007,-37.3552775
27005534,-9.1574202,-37.3553789
27005704,-9.7225097,-35.894461
27013987,-9.40923485,-36.6511655640237
27014142,-9.4102865,-36.6393037
27014150,-9.5530842,-37.5262575
27015017,-9.4127407,-36.61883132081573
27015246,-9.7882121,-36.3324402
27045277,-9.3780528,-38.0055758
27045404,-9.9649903,-36.9975306
27045447,-10.1846172,-36.839029
27045633,-10.257959,-36.5510271
27219895,-9.5725884,-35.8260939
27031241,-9.7163683,-37.4773769
27031292,-9.17155265,-35.70586452452755
27015467,-9.1636406,-36.0205386
27015556,-9.392367,-35.52787637824194
27015599,-9.6352481,-36.2192297
27007162,-9.7603296,-36.646192593732266
27007200,-9.3585991,-37.2496347
27007243,-9.7236687,-35.8206623
27007286,-9.6485832,-35.7382035
27007294,-10.4069758,-36.4345439
27007685,-10.1286478,-36.6566411
27007812,-9.4689578,-37.4596855
27007880,-9.7792358,-36.3556368
27007952,-9.4628626,-37.4562072
27050181,-9.6521671,-35.7051737
27050211,-9.54912105,-35.7244645
27033686,-9.53933175,-35.721501308286406
27033767,-9.239596,-35.3531033
27033830,-9.4645514,-35.550115
27226484,-9.6544997,-35.7014914
27015866,-9.8845863,-36.8300952577563
27020851,-9.4702727,-35.5532118
27021076,-9.6490809,-35.7314915
27021092,-9.7345403,-36.6689991
27021181,-9.608293799999998,-35.95487810972952
27230210,-9.3141187,-35.9391399
27024180,-9.15703905,-36.03037672044032
27024237,-9.157600550000002,-36.03051559214421
27024245,-9.16069465,-36.029484560765226
27024458,-9.1564391,-36.02962294219765
27024520,-9.6442449,-36.2119068
27024547,-9.2732513,-36.1424787
27024580,-9.6626922,-37.3077702
27024610,-9.5338745,-36.9804422
27024725,-9.56323755,-37.38294507609814
27024830,-9.1770666,-36.0338448
27024849,-9.41858245,-36.64028125331341
27024911,-9.3989673,-36.9879328
27024989,-9.17024885,-36.22181922993927
27218066,-9.1701312,-36.0880789
27225992,-9.1951173,-36.0472588
27041484,-9.680518,-36.3092703
27041506,-9.6427103,-36.2179074
27017613,-9.6657031,-35.73607248391304
27046796,-9.2553578,-36.3014795
27022684,-8.9708852,-35.8878923
27226760,-9.5595333,-37.1296263
27012760,-9.526772,-35.610063
27012840,-9.4957943,-37.1167088
27029999,-9.4723859,-35.83481624356433
27007855,-9.447806,-37.2796388
27044483,-9.9124452,-36.4731047
27223051,-9.7527026,-36.6628166
27329011,-9.5720081,-35.823298629679684
27052753,-9.7527026,-36.6628166
27055434,-9.5720081,-35.823298629679684
27044939,-9.8841319,-36.8255212
27044998,-9.7527026,-36.6628166
27021726,-10.008967,-36.031973
27044882,-10.0199951,-36.6212508
27055752,-10.0457721,-36.652881
27048489,-10.0484334,-36.9532781
27042260,-10.0695182,-36.6681183
27055949,-10.1218735,-36.1802741
27214818,-10.1249995,-36.1761498
27215407,-10.1252947,-36.1787157
27215458,-10.1272588,-36.8964733
27221210,-10.1279134,-36.6565258
27217680,-10.1279134,-36.6565258
27045064,-10.1279134,-36.6565258
27055760,-10.1279134,-36.6565258
27045099,-10.1300721,-36.1737357
27055205,-10.130305,-36.6076999
27045080,-10.1320859,-36.1756701
27214842,-10.1473478,-36.5318656
27045021,-10.1473478,-36.5318656
27213552,-10.1589331,-36.6565634
27214940,-10.1719842,-36.6508185
27226352,-10.1784932,-36.6457599
27214389,-10.1829334,-36.6458963
27046370,-10.2549653,-36.3819974
27045420,-10.2549653,-36.3819974
27218589,-10.2577018,-36.6608059
27045285,-10.2692076,-36.5582316
27045358,-10.2819959,-36.5636578
27045617,-10.2840683,-36.5614209
27025772,-10.289112,-36.5640582
27026183,-10.2894252,-36.5791405
27027287,-10.2962659,-36.5791079
27025241,-10.9872469,-37.0522001
27015211,-10.9872469,-37.0522001
27005062,,
27226867,,
27040712,,
27222640,,
27227111,,
27001288,,
27030369,,
27028488,,
27028470,,
27028585,,
27028399,-8.8390521,-35.4595832
27028518,-8.839551199999999,-35.4588035
27217515,-8.839551199999999,-35.4588035
27221857,-8.8399403,-35.4593849
27028569,-8.8399403,-35.4593849
27022617,-8.8399403,-35.4593849
27029360,-8.8410977,-35.4566184
27029395,-8.8414797,-35.4612825
27029166,-8.8492487,-35.9478956
27225267,-8.8513358,-35.5684087
27022650,-8.8513358,-35.5684087
27022781,-8.8516259,-35.5693712
27027929,-8.8523729,-35.5681713
27030989,-8.8743277,-36.0219303
27029220,-8.875501,-35.8771822
27055396,-8.883822799999999,-35.78782169999999
27028437,-8.884383999999999,-35.6352208
27028534,-8.8866917,-35.5548422
27028607,-8.8866917,-35.5548422
27028615,-8.8881214,-35.4562795
27027562,-8.8881214,-35.4562795
27032698,-8.8881214,-35.4562795
27027627,-8.8881214,-35.4562795
27027635,-8.8881874,-35.7857101
27027643,-8.891627699999999,-35.2196049
27027651,-8.911065599999999,-35.7216919
27027660,-8.911065599999999,-35.7216919
27027708,-8.911065599999999,-35.7216919
27027716,-8.911065599999999,-35.7216919
27027767,-8.911065599999999,-35.7216919
27027775,-8.911065599999999,-35.7216919
27027783,-8.911065599999999,-35.7216919
27027791,-8.911065599999999,-35.7216919
27220168,-8.911065599999999,-35.7216919
27346013,-8.911065599999999,-35.7216919
27028542,-8.911065599999999,-35.7216919
27032639,-8.911065599999999,-35.7216919
27225780,-8.915012299999999,-35.2244867
27029379,-8.9232433,-35.3692271
27226093,-8.9232871,-35.2805717
27028577,-8.9232871,-35.2805717
27032930,-8.925448099999999,-35.502925
27029212,-8.926439199999999,-35.2726382
27049663,-8.9314168,-35.4359183
27032841,-8.9322483,-35.1685384
27029239,-8.9336588,-35.5732661
27224309,-8.9342617,-35.5742369
27030768,-8.9359159,-35.1692824
27030849,-8.9404515,-35.5557206
27030946,-8.9404515,-35.5557206
27030997,-8.9420234,-35.6644145
27031004,-8.9420234,-35.6644145
27031055,-8.9420234,-35.6644145
27219160,-8.9420234,-35.6644145
27029174,-8.9420234,-35.6644145
27029263,-8.9420234,-35.6644145
27029344,-8.9420234,-35.6644145
27029409,-8.9425401,-35.5539912
27049655,-8.9425401,-35.5539912
27030822,-8.9425401,-35.5539912
27022625,-8.9425401,-35.5539912
27022870,-8.9425401,-35.5539912
27226778,-8.9433952,-35.6314191
27022595,-8.9450263,-35.8457418
27022722,-8.9450263,-35.8457418
27022790,-8.9450263,-35.8457418
27032760,-8.9515557,-35.8934136
27032876,-8.9515557,-35.8934136
27001016,-8.9515557,-35.8934136
27031233,-8.954123599999999,-35.3129189
27002756,-8.960785,-35.298305
27022587,-8.9613506,-37.5277191
27022714,-8.9709892,-35.3800079
27022765,-8.9711217,-37.7311643
27022803,-8.9716366,-35.92779600000001
27226786,-8.9716366,-35.92779600000001
27032957,-8.9716366,-35.92779600000001
27022838,-8.9716366,-35.92779600000001
27032833,-8.9716366,-35.92779600000001
27032850,-8.972394999999999,-35.224183
27032671,-8.9733809,-35.9310008
27224635,-8.983392,-35.1954903
27227065,-8.9834518,-35.2498016
27001334,-8.985025100000001,-35.1954922
27000931,-8.985025100000001,-35.1954922
27049817,-8.9853046,-35.1963441
27000940,-8.9900212,-37.4379234
27225437,-8.9936423,-37.5015948
27003809,-8.9936423,-37.5015948
27054535,-8.995786899999999,-37.4853559
27054519,-8.997251799999999,-35.2960833
27032655,-9.0002586,-37.6866302
27052311,-9.0002586,-37.6866302
27032809,-9.002841199999999,-37.5862289
27023656,-9.0082632,-35.2189042
27023664,-9.0082632,-35.2189042
27023931,-9.0103864,-35.2208382
27032507,-9.0107631,-36.0581148
27032566,-9.0107631,-36.0581148
27032558,-9.0107631,-36.0581148
27032582,-9.0127139,-35.2213834
27032604,-9.0127139,-35.2213834
27032620,-9.0127163,-35.22139540000001
27032647,-9.0127163,-35.22139540000001
27032701,-9.0127163,-35.22139540000001
27032728,-9.0127163,-35.22139540000001
27032752,-9.0127163,-35.22139540000001
27032779,-9.0127163,-35.22139540000001
27032795,-9.0127163,-35.22139540000001
27032817,-9.0127163,-35.22139540000001
27032825,-9.0127163,-35.22139540000001
27032868,-9.0127163,-35.22139540000001
27052320,-9.0127163,-35.22139540000001
27218996,-9.0127163,-35.22139540000001
27220940,-9.0127163,-35.22139540000001
27225445,-9.0127163,-35.22139540000001
27225453,-9.0127163,-35.22139540000001
27225771,-9.0127163,-35.22139540000001
27226107,-9.0127163,-35.22139540000001
27226387,-9.0127163,-35.22139540000001
27235203,-9.0127163,-35.22139540000001
27287009,-9.0127163,-35.22139540000001
27288005,-9.0127163,-35.22139540000001
27032612,-9.0127163,-35.22139540000001
27002802,-9.0127163,-35.22139540000001
27023680,-9.0127163,-35.22139540000001
27032973,-9.0127463,-35.2213612
27022757,-9.015263599999999,-37.6572191
27221741,-9.0158235,-36.0626378
27055779,-9.0167232,-35.2832572
27001091,-9.0170105,-35.9090171
27032299,-9.0240764,-35.4462005
27219593,-9.0405319,-37.4428134
27345017,-9.041392,-37.4764511
27031217,-9.041644,-35.28722
27031225,-9.0445537,-35.35329430000001
27031268,-9.0509826,-35.399713
27031276,-9.0510437,-35.3996839
27031306,-9.0510437,-35.3996839
27031349,-9.0510437,-35.3996839
27031411,-9.0510437,-35.3996839
27031454,-9.0510437,-35.3996839
27031489,-9.0510437,-35.3996839
27031497,-9.0510437,-35.3996839
27031578,-9.0510437,-35.3996839
27031594,-9.0510437,-35.3996839
27031616,-9.0510437,-35.3996839
27221784,-9.0510437,-35.3996839
27054020,-9.0510437,-35.3996839
27031420,-9.0510437,-35.3996839
27023478,-9.0510437,-35.3996839
27029905,-9.0523376,-35.3980668
27023184,-9.0538036,-35.3895321
27031608,-9.0598815,-36.1953755
27005739,-9.0609105,-35.6853576
27219089,-9.0680032,-36.1678863
27024210,-9.077088999999999,-35.4727798
27023389,-9.0794946,-37.3757103
27023311,-9.0806527,-35.620074
27032272,-9.0809297,-36.0334205
27032388,-9.0829468,-36.165481
27055094,-9.0842952,-36.2159869
27032310,-9.0872206,-35.2566216
27032337,-9.0872206,-35.2566216
27032345,-9.0879502,-35.2576759
27032353,-9.0883326,-35.2574319
27032370,-9.0883326,-35.2574319
27032469,-9.0883326,-35.2574319
27032485,-9.0883326,-35.2574319
27056031,-9.0883326,-35.2574319
27218490,-9.0883326,-35.2574319
27218503,-9.0883326,-35.2574319
27033430,-9.0883326,-35.2574319
27024199,-9.0883326,-35.2574319
27024474,-9.0883326,-35.2574319
27025004,-9.0900164,-35.4902866
27029778,-9.0953879,-36.1268291
27024130,-9.095555,-36.00639
27055116,-9.1015467,-36.0725598
27226573,-9.108810799999999,-35.5690772
27001059,-9.1113278,-35.958777
27000915,-9.1113278,-35.958777
27001032,-9.113477399999999,-36.24766839999999
27001075,-9.1149881,-37.5348514
27001342,-9.116076099999999,-37.603661
27217108,-9.116076099999999,-37.603661
27217132,-9.116076099999999,-37.603661
27230287,-9.116076099999999,-37.603661
27002314,-9.116076099999999,-37.603661
27005631,-9.116076099999999,-37.603661
27001350,-9.116076099999999,-37.603661
27000974,-9.1162699,-37.7274249
27001148,-9.117277,-37.311202
27001253,-9.1173032,-37.6059981
27001318,-9.1175187,-37.6046786
27049809,-9.1175187,-37.6046786
27048284,-9.1175187,-37.6046786
27220451,-9.1175187,-37.6046786
27002136,-9.1175187,-37.6046786
27002187,-9.1178827,-37.6026312
27002276,-9.1179475,-37.7255521
27002357,-9.1186926,-37.7314052
27002438,-9.1186926,-37.7314052
27002446,-9.1186926,-37.7314052
27002454,-9.1186926,-37.7314052
27002519,-9.1186926,-37.7314052
27002667,-9.1186926,-37.7314052
27002675,-9.1186926,-37.7314052
27002683,-9.1186926,-37.7314052
27002705,-9.1186926,-37.7314052
27002713,-9.1186926,-37.7314052
27002772,-9.1186926,-37.7314052
27002861,-9.1186926,-37.7314052
27002870,-9.1186926,-37.7314052
27002896,-9.1186926,-37.7314052
27213943,-9.1186926,-37.7314052
27218643,-9.1186926,-37.7314052
27218651,-9.1186926,-37.7314052
27024261,-9.1186926,-37.7314052
27024385,-9.1186926,-37.7314052
27002527,-9.1186926,-37.7314052
27024733,-9.1194727,-35.9466474
27024350,-9.1194727,-35.9466474
27055108,-9.1196677,-37.7332877
27221466,-9.1210382,-35.9985981
27221717,-9.133018999999999,-35.9789076
27028674,-9.133144,-36.0309204
27028771,-9.1349044,-36.2235323
27055159,-9.1354015,-35.4234695
27023281,-9.136294,-35.7486546
27002535,-9.136294,-35.7486546
27217116,-9.139732799999999,-36.1979764
27024865,-9.1409375,-36.1345625
27023141,-9.145012999999999,-37.8364111
27005453,-9.145012999999999,-37.8364111
27005593,-9.1453595,-36.0016531
27024300,-9.1453925,-36.1394401
27033520,-9.1491004,-37.3071114
27024334,-9.1491004,-37.3071114
27000818,-9.1492255,-36.0071305
27000958,-9.1493766,-35.3200553
27000990,-9.150674,-36.1191758
27023451,-9.1510757,-37.5108091
27054250,-9.1510757,-37.5108091
27024687,-9.1510757,-37.5108091
27029727,-9.154036999999999,-36.178246
27029808,-9.1542093,-36.0076231
27029522,-9.1546597,-36.0313816
27029832,-9.1565753,-35.5329773
27029859,-9.1565753,-35.5329773
27055922,-9.1566452,-35.5329545
27024091,-9.1566452,-35.5329545
27024164,-9.1566452,-35.5329545
27024270,-9.1566452,-35.5329545
27024296,-9.157435699999999,-36.0323426
27024377,-9.157435699999999,-36.0323426
27024571,-9.157435699999999,-36.0323426
27024598,-9.157435699999999,-36.0323426
27024660,-9.157435699999999,-36.0323426
27024741,-9.157435699999999,-36.0323426
27024776,-9.157435699999999,-36.0323426
27024784,-9.157435699999999,-36.0323426
27024792,-9.157435699999999,-36.0323426
27024806,-9.157435699999999,-36.0323426
27024814,-9.157435699999999,-36.0323426
27024822,-9.157435699999999,-36.0323426
27024920,-9.157435699999999,-36.0323426
27024938,-9.157435699999999,-36.0323426
27024946,-9.157435699999999,-36.0323426
27024997,-9.157435699999999,-36.0323426
27025020,-9.157435699999999,-36.0323426
27025039,-9.157435699999999,-36.0323426
27056023,-9.157435699999999,-36.0323426
27218058,-9.157435699999999,-36.0323426
27049329,-9.157435699999999,-36.0323426
27024113,-9.157435699999999,-36.0323426
27033422,-9.157435699999999,-36.0323426
27054934,-9.1578756,-36.0160945
27249018,-9.1589274,-36.026026
27218074,-9.1604891,-35.3052311
27213722,-9.1606025,-37.3599898
27055493,-9.1612863,-36.0397177
27024318,-9.161300299999999,-36.0186315
27033392,-9.161330999999999,-36.1757724
27033457,-9.1615236,-36.0391731
27033465,-9.1616036,-36.0117144
27033554,-9.161716499999999,-35.297779
27033562,-9.161716499999999,-35.297779
27033570,-9.161716499999999,-35.297779
27033643,-9.161716499999999,-35.297779
27033651,-9.161716499999999,-35.297779
27024415,-9.161716499999999,-35.297779
27005399,-9.161716499999999,-35.297779
27005402,-9.161716499999999,-35.297779
27005410,-9.1621056,-36.0714338
27005437,-9.1622013,-37.3587137
27005445,-9.1622013,-37.3587137
27005488,-9.1622013,-37.3587137
27005550,-9.1622013,-37.3587137
27005623,-9.1622013,-37.3587137
27005666,-9.1622013,-37.3587137
27005682,-9.1622013,-37.3587137
27005712,-9.1622013,-37.3587137
27005720,-9.1622013,-37.3587137
27005747,-9.1622013,-37.3587137
27047172,-9.1622013,-37.3587137
27054942,-9.1622013,-37.3587137
27218562,-9.1622013,-37.3587137
27219704,-9.1622013,-37.3587137
27055914,-9.1622013,-37.3587137
27002268,-9.1622013,-37.3587137
27047539,-9.1622013,-37.3587137
27023257,-9.1636404,-35.5485215
27023303,-9.1649764,-37.6901791
27023494,-9.1649877,-37.3565951
27023109,-9.1691396,-36.1874237
27023133,-9.1691396,-36.1874237
27023192,-9.1699709,-36.2171609
27023265,-9.1703277,-36.2230849
27023290,-9.1703277,-36.2230849
27023370,-9.1703277,-36.2230849
27023400,-9.1703277,-36.2230849
27023508,-9.1703277,-36.2230849
27055175,-9.1703277,-36.2230849
27213676,-9.1703277,-36.2230849
27213706,-9.1703277,-36.2230849
27219984,-9.1703277,-36.2230849
27220001,-9.1703277,-36.2230849
27222772,-9.1703277,-36.2230849
27264009,-9.1703277,-36.2230849
27031896,-9.1703277,-36.2230849
27033597,-9.1703277,-36.2230849
27024407,-9.1703277,-36.2230849
27023206,-9.1732342,-35.5965604
27024962,-9.177527999999999,-35.363441
27219992,-9.1780408,-36.1201618
27023524,-9.181690999999999,-36.222945
27028275,-9.182881,-36.045224
27028330,-9.1832283,-36.2220785
27001210,-9.1865204,-36.1626249
27267008,-9.1879043,-35.8224869
27029913,-9.193631300000002,-35.7472571
27027970,-9.1942013,-37.5149017
27028038,-9.1942013,-37.5149017
27028194,-9.1946968,-35.534017
27028356,-9.205605799999999,-35.784354
27219208,-9.205605799999999,-35.784354
27031993,-9.205605799999999,-35.784354
27055256,-9.205605799999999,-35.784354
27026515,-9.205605799999999,-35.784354
27001490,-9.2070407,-35.5697045
27001792,-9.2083953,-37.8818555
27001822,-9.210955,-36.1253392
27001881,-9.222779599999999,-37.7479373
27001890,-9.222779599999999,-37.7479373
27001911,-9.222779599999999,-37.7479373
27001938,-9.222779599999999,-37.7479373
27221385,-9.222779599999999,-37.7479373
27222063,-9.222779599999999,-37.7479373
27226069,-9.222779599999999,-37.7479373
27001440,-9.222779599999999,-37.7479373
27001768,-9.222779599999999,-37.7479373
27033058,-9.222779599999999,-37.7479373
27015513,-9.2228171,-37.7479282
27026469,-9.2228647,-37.7479237
27215580,-9.2245337,-35.5417709
27026523,-9.2291481,-36.4269173
27033252,-9.231635899999999,-35.9909722
27051854,-9.2321001,-37.34932939999999
27006751,-9.234032899999999,-36.0240861
27006859,-9.2348998,-35.4931242
27054888,-9.2362887,-35.4892691
27055337,-9.236749699999999,-37.2255818
27026396,-9.236749699999999,-37.2255818
27033759,-9.236749699999999,-37.2255818
27033198,-9.236749699999999,-37.2255818
27048594,-9.2374133,-36.1138865
27219712,-9.2405735,-35.3538536
27032108,-9.2407253,-35.48722
27033112,-9.2418233,-38.02717
27033180,-9.2420976,-36.043389
27033236,-9.242953199999999,-35.4899368
27221016,-9.242953199999999,-35.4899368
27221822,-9.242953199999999,-35.4899368
27003019,-9.242953199999999,-35.4899368
27213811,-9.242953199999999,-35.4899368
27002969,-9.242953199999999,-35.4899368
27026426,-9.2459597,-37.9718644
27026442,-9.2459736,-37.9718892
27026450,-9.246604999999999,-38.0945953
27026540,-9.2478281,-36.01242209999999
27026566,-9.2478281,-36.01242209999999
27026574,-9.2478281,-36.01242209999999
27221113,-9.2478281,-36.01242209999999
27230520,-9.2478281,-36.01242209999999
27026493,-9.2478281,-36.01242209999999
27026558,-9.2478281,-36.01242209999999
27049736,-9.2478281,-36.01242209999999
27033902,-9.2478448,-36.0124016
27002934,-9.2478448,-36.0124016
27002977,-9.2478448,-36.0124016
27002993,-9.2493097,-35.3636093
27003060,-9.2503835,-38.0419836
27003078,-9.2503835,-38.0419836
27003132,-9.2503835,-38.0419836
27048578,-9.2503835,-38.0419836
27048608,-9.2503835,-38.0419836
27048616,-9.2503835,-38.0419836
27007030,-9.2503835,-38.0419836
27026507,-9.2503835,-38.0419836
27048705,-9.2503835,-38.0419836
27055469,-9.2511191,-37.262422
27224082,-9.2526019,-35.9972727
27030490,-9.2526019,-35.9972727
27003000,-9.2526019,-35.9972727
27003051,-9.2526019,-35.9972727
27022285,-9.2532833,-35.9110397
27033775,-9.2555797,-38.0046015
27022315,-9.2555797,-38.0046015
27022374,-9.2561241,-36.2954486
27022412,-9.256246299999999,-35.4145343
27022439,-9.2565309,-36.2964795
27225402,-9.2565309,-36.2964795
27048586,-9.2565309,-36.2964795
27003027,-9.2565309,-36.2964795
27015653,-9.2565309,-36.2964795
27031845,-9.2594599,-37.9992966
27001997,-9.261742199999999,-38.0062204
27033694,-9.262235,-36.4138862
27217540,-9.263343899999999,-35.6320041
27013804,-9.264644299999999,-37.7323723
27027309,-9.2670672,-35.373503
27219747,-9.2670672,-35.373503
27027961,-9.270637899999999,-36.8671096
27006824,-9.2745903,-36.1424995
27051820,-9.276562199999999,-36.2550686
27054764,-9.2772106,-35.7236218
27022323,-9.278849400000002,-37.3283324
27013766,-9.284770199999999,-35.8068533
27006638,-9.288265599999999,-38.0142985
27003086,-9.2907216,-36.2373669
27015351,-9.290873999999999,-36.8810629
27015408,-9.292978999999999,-37.36709829999999
27015629,-9.2945917,-37.9848402
27030733,-9.294927,-36.4580775
27053784,-9.294927,-36.4580775
27050297,-9.294927,-36.4580775
27218716,-9.2959701,-35.9610146
27006654,-9.3008789,-35.9528688
27006670,-9.3031609,-37.2840278
27006689,-9.3031609,-37.2840278
27006727,-9.3061705,-37.2855048
27006778,-9.3061705,-37.2855048
27006786,-9.3061705,-37.2855048
27006808,-9.3061705,-37.2855048
27006816,-9.3061705,-37.2855048
27006840,-9.3061705,-37.2855048
27006867,-9.3061705,-37.2855048
27006905,-9.3061705,-37.2855048
27006921,-9.3061705,-37.2855048
27006948,-9.3061705,-37.2855048
27006956,-9.3061705,-37.2855048
27007014,-9.3061705,-37.2855048
27218724,-9.3061705,-37.2855048
27030253,-9.3061705,-37.2855048
27030350,-9.3061705,-37.2855048
27030415,-9.3061705,-37.2855048
27030440,-9.3067164,-35.9406591
27030466,-9.3067164,-35.9406591
27030717,-9.3067164,-35.9406591
27049779,-9.3067164,-35.9406591
27052680,-9.3067164,-35.9406591
27214281,-9.3067164,-35.9406591
27219364,-9.3067164,-35.9406591
27031756,-9.3067164,-35.9406591
27224015,-9.3067164,-35.9406591
27006700,-9.3067164,-35.9406591
27013731,-9.3073188,-35.5665171
27013774,-9.3074185,-37.2863034
27013782,-9.3074212,-37.247652
27013790,-9.3082598,-36.8665692
27013812,-9.3082598,-36.8665692
27013839,-9.3082598,-36.8665692
27013847,-9.3082598,-36.8665692
27054616,-9.3082598,-36.8665692
27053792,-9.3082598,-36.8665692
27030296,-9.3082598,-36.8665692
27030326,-9.3082598,-36.8665692
27030431,-9.3088545,-35.9381411
27224538,-9.3096345,-35.9423155
27262006,-9.3096345,-35.9423155
27031888,-9.3096345,-35.9423155
27032213,-9.3096345,-35.9423155
27004830,-9.3096345,-35.9423155
27005143,-9.3097269,-35.6627709
27223876,-9.3098465,-35.5633891
27214214,-9.3099095,-37.0604665
27013820,-9.31069,-37.4324514
27048837,-9.31069,-37.4324514
27226808,-9.3114535,-35.9392129
27030725,-9.3129528,-36.8139429
27054977,-9.3135787,-35.938201
27031810,-9.3141644,-36.4825055
27052419,-9.314431,-35.9442968
27214451,-9.3149411,-35.9444793
27214559,-9.3187647,-35.561035
27214664,-9.3187647,-35.561035
27225429,-9.3187647,-35.561035
27226727,-9.3187647,-35.561035
27226735,-9.3187647,-35.561035
27032159,-9.3187647,-35.561035
27015335,-9.3187647,-35.561035
27015360,-9.3187647,-35.561035
27015432,-9.3189238,-35.5607693
27015440,-9.3202559,-36.4738064
27015483,-9.3202559,-36.4738064
27015505,-9.3202559,-36.4738064
27015564,-9.3202559,-36.4738064
27015572,-9.3202559,-36.4738064
27015645,-9.3202559,-36.4738064
27214990,-9.3202559,-36.4738064
27055027,-9.3202559,-36.4738064
27048683,-9.3202559,-36.4738064
27007642,-9.3202559,-36.4738064
27055035,-9.320284,-35.9271516
27219399,-9.3276401,-36.4816884
27219801,-9.3303048,-37.1975638
27263002,-9.334720599999999,-35.958777
27001857,-9.334720599999999,-35.958777
27006883,-9.334720599999999,-35.958777
27015386,-9.334720599999999,-35.958777
27030393,-9.3359682,-37.7166724
27015416,-9.3370076,-37.458678
27015491,-9.3376457,-36.4761845
27031802,-9.339466999999999,-35.9458001
27025187,-9.3408226,-36.61097669999999
27003566,-9.3408226,-36.61097669999999
27007766,-9.341624699999999,-35.6298169
27004805,-9.3473547,-36.3281377
27004937,-9.353342399999999,-37.9424918
27031799,-9.355093199999999,-37.1901616
27007820,-9.3558638,-37.0578934
27004880,-9.356648999999999,-36.993235
27007618,-9.358563,-35.6300926
27007278,-9.3632582,-37.2467196
27007545,-9.366791899999999,-37.0903346
27007600,-9.3668034,-37.2508592
27007634,-9.3675037,-37.2485575
27007715,-9.3675037,-37.2485575
27007871,-9.3675037,-37.2485575
27007910,-9.3675037,-37.2485575
27008010,-9.3675037,-37.2485575
27050190,-9.3675037,-37.2485575
27221911,-9.3675037,-37.2485575
27222675,-9.3675037,-37.2485575
27007553,-9.3675037,-37.2485575
27007596,-9.3675037,-37.2485575
27007693,-9.3675037,-37.2485575
27007502,-9.367519,-37.2483232
27025128,-9.3675352,-37.2482567
27025195,-9.3675352,-37.2482567
27015122,-9.370529699999999,-37.24869899999999
27025110,-9.3714557,-36.2245974
27012220,-9.3714557,-36.2245974
27025152,-9.3715837,-36.3739559
27025250,-9.3722282,-36.2438104
27025292,-9.3726512,-36.7853171
27025403,-9.373999699999999,-36.2421527
27025551,-9.373999699999999,-36.2421527
27213650,-9.373999699999999,-36.2421527
27226859,-9.373999699999999,-36.2421527
27027139,-9.373999699999999,-36.2421527
27027163,-9.373999699999999,-36.2421527
27027295,-9.373999699999999,-36.2421527
27027333,-9.3779608,-36.0675952
27027384,-9.3779608,-36.0675952
27003272,-9.3779608,-36.0675952
27003337,-9.3779608,-36.0675952
27003370,-9.3779608,-36.0675952
27217159,-9.381008099999999,-38.0049741
27222071,-9.381008099999999,-38.0049741
27015475,-9.381008099999999,-38.0049741
27015580,-9.381008099999999,-38.0049741
27004600,-9.381008099999999,-38.0049741
27004635,-9.38318,-36.5036591
27004651,-9.3858442,-36.4479294
27004767,-9.3884443,-37.0898013
27004783,-9.3884443,-37.0898013
27004821,-9.3884443,-37.0898013
27004848,-9.3884443,-37.0898013
27004945,-9.3884443,-37.0898013
27055531,-9.3884443,-37.0898013
27222730,-9.3884443,-37.0898013
27226050,-9.3884443,-37.0898013
27012182,-9.3884443,-37.0898013
27012425,-9.3884443,-37.0898013
27030113,-9.3884443,-37.0898013
27361012,-9.389526499999999,-36.8093323
27053687,-9.3906239,-36.7569909
27011909,-9.392407799999999,-35.8392103
27011917,-9.392407799999999,-35.8392103
27011992,-9.3934059,-35.8400078
27012050,-9.3994992,-36.9904045
27012069,-9.3994992,-36.9904045
27012077,-9.3994992,-36.9904045
27012093,-9.3994992,-36.9904045
27012123,-9.3994992,-36.9904045
27222829,-9.3994992,-36.9904045
27224260,-9.3994992,-36.9904045
27032000,-9.3994992,-36.9904045
27034011,-9.3994992,-36.9904045
27215636,-9.3994992,-36.9904045
27226638,-9.4031843,-35.5086882
27012212,-9.4031843,-35.5086882
27012395,-9.4031843,-35.5086882
27012450,-9.4067571,-36.6298036
27012557,-9.407127899999999,-36.7604027
27014118,-9.407127899999999,-36.7604027
27012000,-9.407127899999999,-36.7604027
27053849,-9.407127899999999,-36.7604027
27027376,-9.4082993,-36.6248387
27218449,-9.4085135,-36.9891457
27004724,-9.4099177,-37.5316234
27009149,-9.4106284,-36.0810366
27004902,-9.4125437,-36.085277
27007847,-9.416667,-37.083333
27221903,-9.416717,-37.3557439
27003663,-9.420760999999999,-37.0968175
27003698,-9.421180800000002,-37.233856
27003868,-9.421180800000002,-37.233856
27003884,-9.422916299999999,-37.8300034
27223787,-9.422916299999999,-37.8300034
27009068,-9.422916299999999,-37.8300034
27054713,-9.422916299999999,-37.8300034
27349012,-9.422916299999999,-37.8300034
27004813,-9.4247132,-37.4533485
27055590,-9.4254991,-37.7165916
27007677,-9.4266692,-37.5636815
27008703,-9.426822399999999,-37.0743379
27003400,-9.4328123,-36.5410566
27004643,-9.4332034,-37.2116888
27013545,-9.433333,-37.633333
27013596,-9.436286899999999,-37.9547341
27013502,-9.439762199999999,-37.0759238
27008355,-9.4479204,-36.3881969
27225232,-9.4479204,-36.3881969
27050769,-9.448171499999999,-36.3870423
27054390,-9.457706,-37.550653
27009076,-9.462709,-37.3289496
27008711,-9.4634968,-37.4549842
27008762,-9.4634968,-37.4549842
27008878,-9.466361899999999,-37.4559315
27009017,-9.4663793,-37.4558766
27009050,-9.4663793,-37.4558766
27223744,-9.4663793,-37.4558766
27348016,-9.4663793,-37.4558766
27221806,-9.4663793,-37.4558766
27040283,-9.4663793,-37.4558766
27223809,-9.4663793,-37.4558766
27004457,-9.4672116,-37.4561288
27055833,-9.469663899999999,-35.834579
27055612,-9.4700597,-37.8703662
27022978,-9.470841400000001,-37.3720392
27022994,-9.4720358,-35.5602739
27023052,-9.4746416,-35.8238502
27055507,-9.4746955,-36.2739306
27225534,-9.4746955,-36.2739306
27023028,-9.4746955,-36.2739306
27053709,-9.4746955,-36.2739306
27040305,-9.4746955,-36.2739306
27040518,-9.4761664,-36.2874334
27040534,-9.477900499999999,-35.8355423
27214753,-9.4779045,-35.8355099
27219917,-9.4779045,-35.8355099
27220133,-9.4779045,-35.8355099
27220141,-9.4779045,-35.8355099
27226840,-9.4779045,-35.8355099
27003531,-9.4779045,-35.8355099
27013618,-9.4779045,-35.8355099
27013626,-9.4779045,-35.8355099
27013685,-9.4796216,-37.970244
27221881,-9.4803682,-36.3823063
27004490,-9.4803682,-36.3823063
27047890,-9.4803682,-36.3823063
27008681,-9.4842367,-37.3719451
27003876,-9.4861748,-37.3750963
27003736,-9.4879395,-36.69065399999999
27003825,-9.4929612,-37.5002962
27011500,-9.4973902,-37.7998818
27053350,-9.502175600000001,-37.8323768
27054225,-9.504205464621057,-37.826906548512234
27026019,-9.5052577,-37.173421
27026094,-9.507996799999999,-35.8344849
27026299,-9.5105965,-36.0054825
27220486,-9.512336399999999,-36.0088955
27008614,-9.512336399999999,-36.0088955
27011577,-9.512336399999999,-36.0088955
27054756,-9.512336399999999,-36.0088955
27221873,-9.514133,-37.411971
27011275,-9.5163768,-37.1910067
27011283,-9.5176381,-37.189608
27011321,-9.5177128,-37.1915036
27011348,-9.5186537,-37.1900914
27011356,-9.5186537,-37.1900914
27011364,-9.5186537,-37.1900914
27011372,-9.5186537,-37.1900914
27011380,-9.5186537,-37.1900914
27011429,-9.5186537,-37.1900914
27011470,-9.5186537,-37.1900914
27011518,-9.5186537,-37.1900914
27011550,-9.5186537,-37.1900914
27218872,-9.5186537,-37.1900914
27008339,-9.5186537,-37.1900914
27054829,-9.5186537,-37.1900914
27055701,-9.5186537,-37.1900914
27355047,-9.523045,-37.5899159
27054470,-9.5271581,-35.7844848
27055450,-9.5280591,-35.6059716
27010112,-9.5290447,-35.7929769
27010414,-9.5312328,-36.6320882
27050882,-9.5312328,-36.6320882
27011070,-9.5316028,-36.9853287
27011135,-9.5316028,-36.9853287
27221890,-9.5320814,-37.2934881
27048950,-9.5321613,-37.2948615
27222535,-9.5321613,-37.2948615
27223850,-9.5321613,-37.2948615
27055655,-9.5333921,-37.5215774
27222080,-9.5333921,-37.5215774
27218139,-9.5335029,-36.9795773
27054101,-9.53355,-35.79512
27013120,-9.5349944,-36.4328486
27012670,-9.5364982,-37.287903
27012689,-9.5371177,-37.2903536
27012751,-9.5375974,-36.63060220000001
27012832,-9.537613799999999,-36.6305904
27012905,-9.537613799999999,-36.6305904
27012956,-9.537613799999999,-36.6305904
27051927,-9.537613799999999,-36.6305904
27054608,-9.537613799999999,-36.6305904
27026043,-9.537613799999999,-36.6305904
27026272,-9.537613799999999,-36.6305904
27054985,-9.537613799999999,-36.6305904
27216020,-9.538140499999999,-36.1328132
27220028,-9.538140499999999,-36.1328132
27220206,-9.538140499999999,-36.1328132
27225763,-9.538140499999999,-36.1328132
27039005,-9.538140499999999,-36.1328132
27053520,-9.538140499999999,-36.1328132
27219887,-9.538140499999999,-36.1328132
27011674,-9.538965899999999,-35.6201009
27011780,-9.5391441,-35.7981362
27054802,-9.5393792,-35.7978951
27230040,-9.541764299999999,-36.4905278
27010570,-9.541764299999999,-36.4905278
27048179,-9.5445275,-35.7704816
27008673,-9.5464882,-35.7481684
27219127,-9.550026599999999,-37.3119793
27008207,-9.5532402,-37.382549
27008223,-9.5542446,-37.3753642
27008398,-9.5543882,-36.8384222
27008525,-9.5567523,-37.3803478
27008550,-9.5567523,-37.3803478
27008690,-9.5567523,-37.3803478
27218457,-9.5567523,-37.3803478
27218740,-9.5567523,-37.3803478
27221288,-9.5567523,-37.3803478
27221350,-9.5567523,-37.3803478
27008622,-9.5567523,-37.3803478
27008576,-9.5567523,-37.3803478
27015793,-9.5567523,-37.3803478
27015904,-9.5567989,-37.3803022
27015971,-9.5581275,-37.3835172
27018261,-9.5602245,-36.4147889
27223779,-9.5602245,-36.4147889
27055671,-9.5602245,-36.4147889
27010708,-9.561752,-36.797281
27055698,-9.5642497,-36.4973497
27220052,-9.565119,-35.744475
27036480,-9.566255,-37.2647183
27008371,-9.5675912,-35.7154142
27054381,-9.567660400000001,-35.7151229
27011615,-9.5683281,-35.7052447
27219070,-9.568691099999999,-37.5165795
27013367,-9.568857699999999,-37.3002765
27055663,-9.5694609,-35.785393
27037118,-9.5710385,-36.21462390000001
27055310,-9.5741786,-36.2354317
27048942,-9.5792541,-35.7699988
27216454,-9.5793316,-35.7681993
27010651,-9.5798614,-35.8607115
27055477,-9.581104999999999,-37.5356235
27036707,-9.581104999999999,-37.5356235
27223760,-9.5822492,-37.3052831
27011810,-9.5822492,-37.3052831
27008436,-9.5830318,-35.6603683
27037053,-9.5880347,-36.4583493
27039994,-9.5902183,-36.4580347
27039676,-9.591109399999999,-37.4747954
27055485,-9.5927419,-35.7701694
27039722,-9.5935068,-35.9624495
27236803,-9.5980818,-35.9567771
27010732,-9.5980818,-35.9567771
27055728,-9.598092399999999,-35.95676479999999
27040933,-9.6000909,-37.2463775
27039609,-9.6005532,-37.315735
27010627,-9.6009731,-35.7292745
27010660,-9.602553,-35.8233997
27010678,-9.6036968,-35.947468
27010716,-9.6038976,-37.24847159999999
27010740,-9.6038976,-37.24847159999999
27221202,-9.6038976,-37.24847159999999
27223795,-9.6038976,-37.24847159999999
27008258,-9.6038976,-37.24847159999999
27055221,-9.6038976,-37.24847159999999
27040020,-9.6038976,-37.24847159999999
27054721,-9.604369499999999,-37.3924122
27054136,-9.6056742,-35.8209004
27008754,-9.6077823,-35.9510018
27039730,-9.6099631,-37.7586169
27055647,-9.6112405,-35.7526896
27055680,-9.6114616,-37.4407213
27018040,-9.6124077,-35.9805528
27018067,-9.6148428,-35.7198375
27018164,-9.617434099999999,-35.7455375
27018300,-9.617722,-36.7666657
27226034,-9.617722,-36.7666657
27363015,-9.617722,-36.7666657
27035948,-9.617722,-36.7666657
27035778,-9.617722,-36.7666657
27048934,-9.6180121,-35.8232765
27221318,-9.6200096,-35.7104967
27039897,-9.6200174,-35.7278936
27040003,-9.6207617,-37.3860341
27219330,-9.6207617,-37.3860341
27230228,-9.6282783,-35.9261021
27047881,-9.6282783,-35.9261021
27054810,-9.630881200000001,-36.7764424
27054675,-9.6322514,-36.4593959
27009769,-9.6325553,-36.5809891
27046753,-9.6325553,-36.5809891
27221296,-9.6358257,-37.2053977
27036731,-9.6358556,-37.2052762
27041786,-9.637164499999999,-35.7973493
27354032,-9.637953399999999,-37.40808
27006077,-9.640488999999999,-35.7371927
27041654,-9.6412746,-36.2167088
27055566,-9.6412746,-36.2167088
27036421,-9.6435283,-37.5075026
27054918,-9.6441414,-36.2141717
27055264,-9.6441438,-36.2147477
27009980,-9.644449,-35.7187789
27050270,-9.6448285,-36.4852406
27036685,-9.6478133,-36.4923179
27039390,-9.6480526,-36.9863415
27034836,-9.6480526,-36.9863415
27216519,-9.6511493,-35.705203
27225860,-9.653348399999999,-36.0184488
27054748,-9.6563153,-35.715124
27221180,-9.658001299999999,-35.7376643
27055345,-9.6590493,-37.505553
27055736,-9.6591346,-37.3701862
27225801,-9.659141,-37.00084940000001
27035697,-9.6602559,-36.9998359
27225852,-9.6609834,-35.7292561
27055850,-9.6615244,-36.1335555
27054837,-9.6616263,-35.7110139
27055710,-9.662209899999999,-37.4748823
27037045,-9.6625218,-36.1333355
27034852,-9.663583899999999,-35.7265446
27220036,-9.6647003,-35.7159444
27005828,-9.6647256,-35.7134551
27005909,-9.6654099,-35.7195267
27055361,-9.67108,-35.7559511
27006255,-9.6718464,-37.3293225
27009181,-9.6718464,-37.3293225
27009238,-9.6718464,-37.3293225
27009254,-9.6725436,-37.3565718
27009262,-9.6749145,-37.1257453
27009289,-9.6749145,-37.1257453
27009327,-9.6749145,-37.1257453
27009343,-9.6749145,-37.1257453
27009394,-9.6749145,-37.1257453
27009424,-9.6749145,-37.1257453
27009432,-9.6749145,-37.1257453
27054950,-9.6749145,-37.1257453
27054969,-9.6749145,-37.1257453
27055558,-9.6749145,-37.1257453
27055191,-9.6749145,-37.1257453
27322033,-9.6749145,-37.1257453
27009220,-9.6751523,-37.3279995
27009467,-9.6826698,-36.3042474
27006441,-9.6826698,-36.3042474
27056015,-9.6832558,-37.1266693
27055787,-9.685211899999999,-37.1216252
27223620,-9.6898392,-37.5677875
27039269,-9.6912634,-36.6981412
27039420,-9.6914408,-36.3073416
27224198,-9.6966538,-36.5728146
27054870,-9.6978089,-35.8934136
27010007,-9.6978089,-35.8934136
27056007,-9.6978089,-35.8934136
27354024,-9.703103,-36.7961539
27039072,-9.705387499999999,-37.0080381
27039170,-9.7077765,-36.7496093
27039218,-9.7085228,-35.8964595
27039277,-9.7115414,-35.8956476
27039439,-9.7115414,-35.8956476
27039471,-9.7115414,-35.8956476
27009386,-9.7115414,-35.8956476
27019772,-9.7115414,-35.8956476
27055990,-9.7115414,-35.8956476
27017206,-9.7161589,-37.1258987
27226441,-9.7172111,-36.4251122
27054926,-9.7178058,-36.6798687
27009351,-9.7183521,-36.6805807
27239802,-9.718532999999999,-37.57572
27051765,-9.718711599999999,-36.6800446
27039366,-9.71937,-37.0829593
27223663,-9.7236234,-36.6606282
27223639,-9.7245881,-36.6821191
27056201,-9.727281699999999,-35.8168662
27216942,-9.727308299999999,-36.6653891
27223566,-9.727812499999999,-36.7145625
27006484,-9.7305867,-35.8372068
27039455,-9.731333099999999,-35.9423398
27039447,-9.732927,-36.6728147
27019802,-9.733126,-37.5724275
27019829,-9.7355717,-35.8447207
27019870,-9.7360176,-35.8445943
27019934,-9.7381826,-36.5020858
27019977,-9.7381826,-36.5020858
27020002,-9.7381826,-36.5020858
27020088,-9.7381826,-36.5020858
27020169,-9.7381826,-36.5020858
27020207,-9.7381826,-36.5020858
27020231,-9.7381826,-36.5020858
27020258,-9.7381826,-36.5020858
27054152,-9.7381826,-36.5020858
27216861,-9.7381826,-36.5020858
27216900,-9.7381826,-36.5020858
27222837,-9.7381826,-36.5020858
27224139,-9.7381826,-36.5020858
27236005,-9.7381826,-36.5020858
27006328,-9.7381826,-36.5020858
27049353,-9.7381826,-36.5020858
27223612,-9.7381826,-36.5020858
27223680,-9.7404247,-37.4348564
27241602,-9.741319299999999,-36.6617288
27006158,-9.741319299999999,-36.6617288
27006190,-9.741319299999999,-36.6617288
27006271,-9.7474765,-36.6495365
27006344,-9.748362,-36.6505067
27006476,-9.7493777,-37.4351721
27006530,-9.7493777,-37.4351721
27006565,-9.7493777,-37.4351721
27216497,-9.7493777,-37.4351721
27219097,-9.7493777,-37.4351721
27225305,-9.7493777,-37.4351721
27230660,-9.7493777,-37.4351721
27006212,-9.7493777,-37.4351721
27006409,-9.7493777,-37.4351721
27006417,-9.7493777,-37.4351721
27006425,-9.7493777,-37.4351721
27006492,-9.7493947,-37.4351697
27006514,-9.7493947,-37.4351697
27006557,-9.7493947,-37.4351697
27008193,-9.7493947,-37.4351697
27214044,-9.7493947,-37.4351697
27006034,-9.7493947,-37.4351697
27005984,-9.7493947,-37.4351697
27052508,-9.7493947,-37.4351697
27019357,-9.7493947,-37.4351697
27055426,-9.7497083,-37.4465556
27009360,-9.7502479,-37.43184100000001
27017354,-9.7512002,-37.42923529999999
27018253,-9.7516193,-36.7866298
27222390,-9.7526611,-35.8470816
27016129,-9.7554257,-37.1400587
27226875,-9.7555559,-36.6639747
27039382,-9.7555596,-36.6639697
27019314,-9.7580651,-36.6687803
27225810,-9.7584477,-36.6547267
27224651,-9.7599959,-36.6370346
27223582,-9.7614107,-35.8815761
27053652,-9.763547299999999,-36.8470694
27222713,-9.764677899999999,-36.6572274
27055892,-9.7728893,-36.6392342
27217965,-9.7800466,-36.6365149
27043142,-9.7805445,-36.6482396
27043070,-9.7811212,-36.0994081
27053601,-9.7829323,-36.092188
27049582,-9.783117599999999,-36.3508
27055981,-9.7881356,-36.4537015
27017265,-9.7887831,-36.4117779
27217035,-9.7970876,-36.1039017
27009688,-9.7997019,-36.6222761
27050793,-9.7997019,-36.6222761
27009211,-9.799999999999999,-36.583333
27041930,-9.8025862,-36.1150468
27006018,-9.804354499999999,-37.1915203
27051188,-9.8083512,-37.0418043
27009742,-9.808554,-37.03835309999999
27009734,-9.809026,-36.2109637
27226255,-9.8117122,-37.3180669
27009556,-9.8118573,-37.1399518
27009696,-9.825549299999999,-37.2766302
27276007,-9.8275551,-37.2781302
27055868,-9.8275551,-37.2781302
27049221,-9.8282305,-37.2796999
27009513,-9.8282305,-37.2796999
27009580,-9.8282305,-37.2796999
27009629,-9.830479,-36.73642050000001
27009645,-9.833296899999999,-35.9520503
27009718,-9.835561,-37.1901616
27219038,-9.835561,-37.1901616
27051943,-9.835561,-37.1901616
27009548,-9.835561,-37.1901616
27048136,-9.835561,-37.1901616
27018423,-9.835561,-37.1901616
27018482,-9.8384698,-35.8922545
27043100,-9.8402775,-37.2158385
27020592,-9.8460196,-37.1055176
27009599,-9.8519291,-36.6761451
27223906,-9.860943299999999,-36.7202125
27055825,-9.8627583,-36.4014607
27021700,-9.873897,-36.5906322
27022048,-9.877793299999999,-37.2461002
27022064,-9.877793299999999,-37.2461002
27217922,-9.8785834,-36.8297033
27225720,-9.878753999999999,-36.9970831
27018776,-9.878753999999999,-36.9970831
27018806,-9.878753999999999,-36.9970831
27018865,-9.878753999999999,-36.9970831
27018903,-9.878753999999999,-36.9970831
27018911,-9.8831055,-36.8283128
27019012,-9.8831055,-36.8283128
27019020,-9.8831055,-36.8283128
27019039,-9.8831055,-36.8283128
27019055,-9.8831055,-36.8283128
27019101,-9.8831055,-36.8283128
27019241,-9.8831055,-36.8283128
27048349,-9.8831055,-36.8283128
27056210,-9.8831055,-36.8283128
27216730,-9.8831055,-36.8283128
27217663,-9.8831055,-36.8283128
27018385,-9.8831055,-36.8283128
27018393,-9.8831055,-36.8283128
27018741,-9.8831055,-36.8283128
27018644,-9.8894889,-36.6173426
27221636,-9.893084,-36.6633599
27018750,-9.893084,-36.6633599
27018474,-9.893084,-36.6633599
27018571,-9.894980799999999,-36.70380979999999
27018598,-9.89651,-36.9871194
27018628,-9.9009971,-36.6764182
27018717,-9.9011107,-36.6764098
27018377,-9.9011107,-36.6764098
27055809,-9.9011107,-36.6764098
27044688,-9.9011107,-36.6764098
27224155,-9.9011107,-36.6764098
27043193,-9.9011888,-36.676423
27043215,-9.9018826,-36.7651583
27043266,-9.909838299999999,-36.3539548
27043380,-9.909838299999999,-36.3539548
27043398,-9.920779399999999,-36.4739345
27043410,-9.920779399999999,-36.4739345
27215504,-9.920779399999999,-36.4739345
27328015,-9.920779399999999,-36.4739345
27043150,-9.920779399999999,-36.4739345
27042987,-9.920779399999999,-36.4739345
27055078,-9.920779399999999,-36.4739345
27054209,-9.920779399999999,-36.4739345
27018725,-9.9210133,-36.4416993
27226344,-9.9252374,-36.4716195
27020460,-9.9252374,-36.4716195
27044416,-9.9272786,-36.475971
27017532,-9.9303729,-36.6548512
27218783,-9.9311144,-36.5481307
27225615,-9.9547688,-36.5445805
27022005,-9.9558673,-36.2843237
27021696,-9.9647781,-36.7604027
27044432,-9.971165899999999,-37.0036464
27044572,-9.971165899999999,-37.0036464
27020568,-9.9711701,-37.003621
27011712,-9.973888299999999,-36.8475115
27011798,-9.976568,-36.3714756
27026213,-9.976568,-36.3714756
27030644,-9.989982999999999,-36.5146936
27041298,,
27041344,,